state_code,state_name,district_code,district_name,mukim_code,mukim_name,mukim_id
01,JOHOR,01,BATU PAHAT,04,LINAU,1030000001
01,JOHOR,01,BATU PAHAT,07,PESERAI,1030000002
01,JOHOR,01,BATU PAHAT,08,SRI GADING,1030000079
01,JOHOR,01,BATU PAHAT,09,SRI MEDAN,1030000003
01,JOHOR,03,KLUANG,01,ULU BENUT,1030000004
01,JOHOR,03,KLUANG,05,MACHAP,1030001849
01,JOHOR,03,KLUANG,40,BANDAR KLUANG,1030000006
01,JOHOR,04,KOTA TINGGI,05,KOTA TINGGI,1030000082
01,JOHOR,05,MERSING,02,LENGGOR,1030000007
01,JOHOR,05,MERSING,11,SEMBRONG,1030000008
01,JOHOR,06,MUAR,01,AYER HITAM,1030000009
01,JOHOR,06,MUAR,10,LENGA,1030000010
01,JOHOR,08,SEGAMAT,02,BULOH KASAP,1030000011
01,JOHOR,08,SEGAMAT,06,JABI,1030002001
01,JOHOR,08,SEGAMAT,11,SUNGAI SEGAMAT,1030000013
01,JOHOR,01,BATU PAHAT,02,CHAAH BAHRU,1030000014
01,JOHOR,21,KULAI,02,SENAI,1030000015
01,JOHOR,22,TANGKAK,70,PEKAN GRISEK,1030000016
01,JOHOR,22,TANGKAK,04,SEROM,1030000017
01,JOHOR,01,BATU PAHAT,10,SIMPANG KANAN,1030000018
01,JOHOR,01,BATU PAHAT,11,SIMPANG KIRI,1030000019
01,JOHOR,01,BATU PAHAT,14,TANJUNG SEMBRONG,1030000076
01,JOHOR,01,BATU PAHAT,40,BANDAR AYER HITAM,1030000020
01,JOHOR,01,BATU PAHAT,41,BANDAR BANDAR PENGGARAM,1030000021
01,JOHOR,01,BATU PAHAT,42,BANDAR RENGIT,1030000022
01,JOHOR,01,BATU PAHAT,43,BANDAR SENGGARANG,1030000023
01,JOHOR,01,BATU PAHAT,44,BANDAR YONG PENG,1030000024
01,JOHOR,02,JOHOR BAHRU,01,JELUTONG,1030001853
01,JOHOR,02,JOHOR BAHRU,08,TEBRAU,1030000081
01,JOHOR,02,JOHOR BAHRU,42,BANDAR TEBRAU,1030000026
01,JOHOR,03,KLUANG,02,KAHANG,1030000027
01,JOHOR,03,KLUANG,03,KLUANG,1030000078
01,JOHOR,03,KLUANG,04,LAYANG-LAYANG,1030000028
01,JOHOR,03,KLUANG,06,NIYOR,1030000029
01,JOHOR,03,KLUANG,07,PALOH,1030001854
01,JOHOR,03,KLUANG,08,RENGAM,1030000077
01,JOHOR,03,KLUANG,41,BANDAR PALOH,1030000030
01,JOHOR,03,KLUANG,42,BANDAR RENGAM,1030000031
01,JOHOR,04,KOTA TINGGI,01,ULU SUNGAI JOHOR,1030001552
01,JOHOR,04,KOTA TINGGI,02,ULU SUNGEI SEDILI BESAR,1030000032
01,JOHOR,04,KOTA TINGGI,03,JOHOR LAMA,1030000033
01,JOHOR,04,KOTA TINGGI,40,BANDAR KOTA TINGGI,1030000034
01,JOHOR,05,MERSING,40,BANDAR JEMALUANG,1030000035
01,JOHOR,05,MERSING,42,BANDAR MERSING KANAN,1030000036
01,JOHOR,06,MUAR,03,BUKIT KEPONG,1030000037
01,JOHOR,06,MUAR,06,JALAN BAKRI,1030000038
01,JOHOR,06,MUAR,07,JORAK,1030000039
01,JOHOR,06,MUAR,16,SUNGAI RAYA,1030001856
01,JOHOR,06,MUAR,17,SUNGAI TERAP,1030001857
01,JOHOR,06,MUAR,42,BANDAR BUKIT KEPONG,1030000042
01,JOHOR,06,MUAR,43,BANDAR PANCHOR,1030000043
01,JOHOR,06,MUAR,45,BANDAR PARIT JAWA,1030000044
01,JOHOR,06,MUAR,70,PEKAN BUKIT PASIR,1030000045
01,JOHOR,07,PONTIAN,06,PENGKALAN RAJA,1030000046
01,JOHOR,07,PONTIAN,10,SUNGAI KARANG,1030001859
01,JOHOR,07,PONTIAN,11,SUNGEI PINGGAN,1030000048
01,JOHOR,07,PONTIAN,40,BANDAR BENUT,1030000049
01,JOHOR,07,PONTIAN,70,PEKAN PEKAN NENAS,1030000050
01,JOHOR,08,SEGAMAT,03,CHAAH,1030000051
01,JOHOR,08,SEGAMAT,05,GEMEREH,1030000053
01,JOHOR,08,SEGAMAT,08,LABIS,1030000075
01,JOHOR,08,SEGAMAT,10,SERMIN,1030000055
01,JOHOR,08,SEGAMAT,40,BANDAR BATU ANAM,1030000056
01,JOHOR,08,SEGAMAT,41,BANDAR BEKOK,1030000057
01,JOHOR,08,SEGAMAT,42,BANDAR BULOH KASAP,1030000058
01,JOHOR,08,SEGAMAT,43,BANDAR JEMENTAH,1030000059
01,JOHOR,08,SEGAMAT,44,BANDAR LABIS,1030000060
01,JOHOR,08,SEGAMAT,45,BANDAR SEGAMAT,1030000061
01,JOHOR,21,KULAI,40,BANDAR KULAI,1030000063
01,JOHOR,21,KULAI,01,KULAI,1030000064
01,JOHOR,21,KULAI,03,SEDENAK,1030000065
01,JOHOR,21,KULAI,04,BUKIT BATU,1030000066
01,JOHOR,22,TANGKAK,40,BANDAR BUKIT KANGKAR,1030000067
01,JOHOR,22,TANGKAK,41,BANDAR PARIT BUNGA,1030000068
01,JOHOR,22,TANGKAK,42,BANDAR SEROM,1030000069
01,JOHOR,22,TANGKAK,43,BANDAR SUNGAI MATI,1030000070
01,JOHOR,22,TANGKAK,44,BANDAR TANGKAK,1030000071
01,JOHOR,22,TANGKAK,03,GRISEK,1030000072
01,JOHOR,07,PONTIAN,05,JERAM BATU,1030000080
02,KEDAH,01,KOTA SETAR,70,PEKAN ALOR JANGGUS,1030000880
02,KEDAH,01,KOTA SETAR,72,PEKAN KOTA SARANG SEMUT,1030000979
02,KEDAH,02,KUBANG PASU,41,BANDAR JITRA,1030000892
02,KEDAH,09,KULIM,74,PEKAN MERBAU PULAS,1030000932
02,KEDAH,09,KULIM,77,PEKAN PADANG MEHA,1030000867
02,KEDAH,09,KULIM,08,NAGA LILIT,1030000994
02,KEDAH,05,KUALA MUDA,15,SUNGAI PETANI,1030000848
02,KEDAH,09,KULIM,10,PADANG MEHA,1030000926
02,KEDAH,09,KULIM,14,SUNGAI ULAR,1030000929
02,KEDAH,05,KUALA MUDA,01,BUJANG,1030000905
02,KEDAH,05,KUALA MUDA,03,GURUN,1030000906
02,KEDAH,05,KUALA MUDA,11,SEMELING,1030000907
02,KEDAH,11,PENDANG,02,BUKIT RAYA,1030000936
02,KEDAH,12,POKOK SENA,04,GAJAH MATI,1030001860
02,KEDAH,12,POKOK SENA,05,JABI,1030000674
02,KEDAH,05,KUALA MUDA,70,PEKAN BUKIT SELAMBAU,1030000914
02,KEDAH,05,KUALA MUDA,16,TELOI KIRI,1030000910
02,KEDAH,04,LANGKAWI,06,ULU MELAKA,1030001471
02,KEDAH,08,BALING,72,PEKAN KAMPUNG BARU KEJAI,1030000921
02,KEDAH,09,KULIM,41,BANDAR LUNAS,1030000996
02,KEDAH,09,KULIM,42,BANDAR PADANG SERAI,1030000997
02,KEDAH,10,BANDAR BAHARU,41,BANDAR SERDANG,1030000934
02,KEDAH,11,PENDANG,40,BANDAR PENDANG,1030000858
02,KEDAH,12,POKOK SENA,40,BANDAR POKOK SENA,1030000945
02,KEDAH,01,KOTA SETAR,09,GUNONG,1030001861
02,KEDAH,02,KUBANG PASU,04,GELONG,1030000883
02,KEDAH,02,KUBANG PASU,19,TEMIN,1030000890
02,KEDAH,03,PADANG TERAP,03,BELIMBING KANAN,1030000897
02,KEDAH,03,PADANG TERAP,06,PADANG TEMAK,1030000898
02,KEDAH,03,PADANG TERAP,02,BATANG TUNGGANG KIRI,1030000983
02,KEDAH,04,LANGKAWI,05,PADANG MAT SIRAT,1030001473
02,KEDAH,02,KUBANG PASU,89,PEKAN KERPAN,1030001581
02,KEDAH,03,PADANG TERAP,40,BANDAR KUALA NERANG,1030000847
02,KEDAH,05,KUALA MUDA,40,BANDAR BEDONG,1030000911
02,KEDAH,05,KUALA MUDA,41,BANDAR GURUN,1030000912
02,KEDAH,05,KUALA MUDA,48,BANDAR TIKAM BATU,1030000913
02,KEDAH,05,KUALA MUDA,49,BANDAR MERBOK,1030000954
02,KEDAH,05,KUALA MUDA,50,BANDAR SEMELING,1030000955
02,KEDAH,06,YAN,40,BANDAR GUAR CEMPEDAK,1030000916
02,KEDAH,03,PADANG TERAP,71,PEKAN DURIAN BURUNG,1030000865
02,KEDAH,03,PADANG TERAP,08,PADANG TERAP KIRI,1030000899
02,KEDAH,04,LANGKAWI,72,PEKAN TELOK DATAI,1030001469
02,KEDAH,01,KOTA SETAR,40,BANDAR ALOR SETAR,1030000878
02,KEDAH,01,KOTA SETAR,41,BANDAR ANAK BUKIT,1030000879
02,KEDAH,01,KOTA SETAR,47,BANDAR ALOR MERAH,1030000870
02,KEDAH,01,KOTA SETAR,49,BANDAR LANGGAR,1030000869
02,KEDAH,07,SIK,74,PEKAN GAJAH PUTEH,1030000958
02,KEDAH,11,PENDANG,01,AYER PUTEH,1030000855
02,KEDAH,11,PENDANG,70,PEKAN BUKIT JENUN,1030000941
02,KEDAH,02,KUBANG PASU,90,PEKAN SINTOK,1030000947
02,KEDAH,07,SIK,03,SOK,1030000982
02,KEDAH,03,PADANG TERAP,09,PEDU,1030000900
02,KEDAH,03,PADANG TERAP,01,BATANG TUNGGANG KANAN,1030000845
02,KEDAH,07,SIK,73,PEKAN GULAU,1030000957
02,KEDAH,08,BALING,79,PEKAN KAMPUNG LALANG,1030000961
02,KEDAH,07,SIK,02,SIK,1030000970
02,KEDAH,07,SIK,01,JENERI,1030000917
02,KEDAH,11,PENDANG,05,PADANG PELIANG,1030000856
02,KEDAH,08,BALING,78,PEKAN PARIT PANJANG,1030000960
02,KEDAH,08,BALING,08,TELOI KANAN,1030000851
02,KEDAH,08,BALING,75,PEKAN TAWAR,1030000972
02,KEDAH,08,BALING,07,TAWAR,1030000971
02,KEDAH,09,KULIM,05,KULIM,1030000924
02,KEDAH,09,KULIM,11,SEDIM,1030000927
02,KEDAH,06,YAN,71,PEKAN SIMPANG TIGA SUNGAI LIMAU,1030000850
02,KEDAH,07,SIK,75,PEKAN CHAROK PADANG,1030000959
02,KEDAH,07,SIK,40,BANDAR SIK,1030000918
02,KEDAH,07,SIK,70,PEKAN BATU LIMA SIK,1030000975
02,KEDAH,06,YAN,74,PEKAN TEROI,1030000967
02,KEDAH,09,KULIM,75,PEKAN SUNGAI KARANGAN,1030000933
02,KEDAH,05,KUALA MUDA,14,SUNGAI PASIR,1030000909
02,KEDAH,05,KUALA MUDA,71,PEKAN JENIANG,1030000915
02,KEDAH,09,KULIM,72,PEKAN LABU BESAR,1030000931
02,KEDAH,09,KULIM,01,BAGAN SENA,1030000976
02,KEDAH,09,KULIM,76,PEKAN SUNGAI KOB,1030000854
02,KEDAH,09,KULIM,09,PADANG CHINA,1030000925
02,KEDAH,09,KULIM,03,KARANGAN,1030000923
02,KEDAH,10,BANDAR BAHARU,70,PEKAN LUBUK BUNTAR,1030000935
02,KEDAH,02,KUBANG PASU,13,PADANG PERAHU,1030000887
02,KEDAH,05,KUALA MUDA,13,SIMPOR,1030000908
02,KEDAH,02,KUBANG PASU,05,HUSBA,1030000840
02,KEDAH,01,KOTA SETAR,48,BANDAR BUKIT PINANG,1030000868
02,KEDAH,02,KUBANG PASU,11,MALAU,1030000841
02,KEDAH,08,BALING,76,PEKAN KUALA PEGANG,1030000922
02,KEDAH,08,BALING,42,BANDAR KUPANG,1030000866
02,KEDAH,05,KUALA MUDA,04,HAJI KUDONG,1030000990
02,KEDAH,09,KULIM,71,PEKAN KARANGAN,1030000853
02,KEDAH,09,KULIM,15,TERAP,1030000930
02,KEDAH,11,PENDANG,73,PEKAN TOKAI,1030000943
02,KEDAH,12,POKOK SENA,06,BUKIT LADA,1030000944
02,KEDAH,01,KOTA SETAR,50,BANDAR SIMPANG EMPAT,1030000968
02,KEDAH,01,KOTA SETAR,24,PENGKALAN KUNDOR,1030000874
02,KEDAH,11,PENDANG,74,PEKAN KOBAH,1030000963
02,KEDAH,11,PENDANG,75,PEKAN KAMPUNG BARU,1030000964
02,KEDAH,02,KUBANG PASU,45,BANDAR PADANG SERA,1030000895
02,KEDAH,02,KUBANG PASU,10,KUBANG PASU,1030000973
02,KEDAH,02,KUBANG PASU,91,PEKAN NAPOH,1030000948
02,KEDAH,02,KUBANG PASU,40,BANDAR CHANGLUN,1030000843
02,KEDAH,02,KUBANG PASU,03,BUKIT TINGGI,1030000882
02,KEDAH,02,KUBANG PASU,92,PEKAN SUNGAI KOROK,1030000949
02,KEDAH,02,KUBANG PASU,44,BANDAR DARULAMAN,1030000894
02,KEDAH,02,KUBANG PASU,12,NAGA,1030000886
02,KEDAH,02,KUBANG PASU,20,TUNJANG,1030000872
02,KEDAH,02,KUBANG PASU,81,PEKAN SANGLANG,1030000896
02,KEDAH,02,KUBANG PASU,70,PEKAN AYER HITAM,1030000844
02,KEDAH,03,PADANG TERAP,73,PEKAN BUKIT TEMBAGA,1030000951
02,KEDAH,01,KOTA SETAR,75,PEKAN GUNONG,1030000969
02,KEDAH,02,KUBANG PASU,02,BINJAL,1030000977
02,KEDAH,02,KUBANG PASU,08,JITRA,1030000885
02,KEDAH,03,PADANG TERAP,72,PEKAN LUBOK MERBAU,1030001862
02,KEDAH,03,PADANG TERAP,75,PEKAN KAMPUNG TANJUNG,1030000953
02,KEDAH,03,PADANG TERAP,10,TEKAI,1030000901
02,KEDAH,12,POKOK SENA,70,PEKAN KEBUN 500,1030000966
02,KEDAH,03,PADANG TERAP,74,PEKAN PADANG SANAI,1030000952
02,KEDAH,10,BANDAR BAHARU,73,PEKAN RELAU,1030001003
02,KEDAH,05,KUALA MUDA,51,BANDAR BANDAR AMAN JAYA,1030000956
02,KEDAH,08,BALING,80,PEKAN MALAU,1030000962
02,KEDAH,08,BALING,41,BANDAR KUALA KETIL,1030000920
02,KEDAH,03,PADANG TERAP,11,TOLAK,1030000902
02,KEDAH,04,LANGKAWI,02,BOHOR,1030000904
02,KEDAH,02,KUBANG PASU,16,PUTAT,1030000889
02,KEDAH,03,PADANG TERAP,05,KURONG HITAM,1030000974
02,KEDAH,03,PADANG TERAP,04,BELIMBING KIRI,1030000980
02,KEDAH,03,PADANG TERAP,07,PADANG TERAP KANAN,1030000846
02,KEDAH,02,KUBANG PASU,21,WANG TEPUS,1030000891
02,KEDAH,02,KUBANG PASU,06,JERAM,1030001863
02,KEDAH,02,KUBANG PASU,43,BANDAR TUNJANG,1030000893
02,KEDAH,12,POKOK SENA,01,DERANG,1030000860
02,KEDAH,02,KUBANG PASU,14,PELUBANG,1030000888
02,KEDAH,02,KUBANG PASU,01,AH,1030000881
02,KEDAH,01,KOTA SETAR,22,PADANG HANG,1030000978
02,KEDAH,01,KOTA SETAR,17,LENGKUAS,1030000836
02,KEDAH,01,KOTA SETAR,30,TELAGA MAS,1030000876
02,KEDAH,01,KOTA SETAR,18,LEPAI,1030000837
02,KEDAH,12,POKOK SENA,03,TUALANG,1030000862
02,KEDAH,12,POKOK SENA,02,LESONG,1030000861
02,KEDAH,01,KOTA SETAR,01,ALOR MALAI,1030000873
02,KEDAH,11,PENDANG,08,TOBIAR,1030000857
02,KEDAH,11,PENDANG,06,PADANG PUSING,1030000939
02,KEDAH,11,PENDANG,04,PADANG KERBAU,1030000938
02,KEDAH,11,PENDANG,76,PEKAN SUNGAI TIANG,1030000965
02,KEDAH,11,PENDANG,72,PEKAN TANAH MERAH,1030000859
02,KEDAH,11,PENDANG,03,GUAR KEPAYANG,1030000937
02,KEDAH,01,KOTA SETAR,16,LANGGAR,1030001864
02,KEDAH,01,KOTA SETAR,07,DERGA,1030000834
02,KEDAH,01,KOTA SETAR,20,LIMBONG,1030000838
02,KEDAH,01,KOTA SETAR,28,TAJAR,1030000839
02,KEDAH,11,PENDANG,71,PEKAN KUBUR PANJANG,1030000942
02,KEDAH,11,PENDANG,07,RAMBAI,1030001865
02,KEDAH,01,KOTA SETAR,03,ANAK BUKIT,1030000833
02,KEDAH,01,KOTA SETAR,33,TITI GAJAH,1030000877
02,KEDAH,02,KUBANG PASU,46,BANDAR KEPALA BATAS,1030001866
02,KEDAH,03,PADANG TERAP,70,PEKAN NAKA,1030000903
03,KELANTAN,01,BACHOK,01,ALOR BAKAT,1030001022
03,KELANTAN,01,BACHOK,02,BACHOK,1030001023
03,KELANTAN,01,BACHOK,03,BATOR,1030001024
03,KELANTAN,01,BACHOK,04,CHAP,1030001025
03,KELANTAN,01,BACHOK,05,CHERANG HANGUS,1030001026
03,KELANTAN,01,BACHOK,11,KUCHELONG,1030001029
03,KELANTAN,01,BACHOK,16,PAK PURA,1030001030
03,KELANTAN,01,BACHOK,26,TANJONG JERING,1030001031
03,KELANTAN,01,BACHOK,30,TEMU RANGGAS,1030001032
03,KELANTAN,02,KOTA BHARU,03,BADAK,1030001033
03,KELANTAN,02,KOTA BHARU,07,BAUNG,1030001034
03,KELANTAN,02,KOTA BHARU,12,BETING,1030001035
03,KELANTAN,02,KOTA BHARU,15,BULOH POH,1030001036
03,KELANTAN,02,KOTA BHARU,21,CHICHA,1030001037
03,KELANTAN,02,KOTA BHARU,27,KADOK,1030001038
03,KELANTAN,02,KOTA BHARU,32,KEMUBU,1030001039
03,KELANTAN,02,KOTA BHARU,39,LANGGAR,1030000871
03,KELANTAN,02,KOTA BHARU,40,LEMBU,1030001041
03,KELANTAN,02,KOTA BHARU,47,MENTUAN,1030001042
03,KELANTAN,02,KOTA BHARU,50,PADANG ENGGANG,1030001043
03,KELANTAN,02,KOTA BHARU,55,PADANG TENGAH,1030001044
03,KELANTAN,02,KOTA BHARU,70,PULAU BELANGA,1030001047
03,KELANTAN,02,KOTA BHARU,76,SALOR,1030001048
03,KELANTAN,02,KOTA BHARU,79,SETERPA,1030001049
03,KELANTAN,02,KOTA BHARU,83,TELOK,1030001050
03,KELANTAN,02,KOTA BHARU,87,TOK KU,1030001051
03,KELANTAN,02,KOTA BHARU,91,BANDAR BARU KUBANG KERIAN,1030001585
03,KELANTAN,03,MACHANG,08,KERAWANG,1030001053
03,KELANTAN,04,PASIR MAS,01,ALOR BULOH,1030001056
03,KELANTAN,04,PASIR MAS,03,APA-APA,1030001057
03,KELANTAN,04,PASIR MAS,11,GELAM,1030001058
03,KELANTAN,04,PASIR MAS,16,JEJAWI,1030001867
03,KELANTAN,04,PASIR MAS,20,KEDONDONG,1030001059
03,KELANTAN,04,PASIR MAS,30,KUBANG SEPAT,1030001061
03,KELANTAN,04,PASIR MAS,35,LUBOK KAWAH,1030001062
03,KELANTAN,04,PASIR MAS,36,LUBOK TAPAH,1030001063
03,KELANTAN,04,PASIR MAS,38,MERANTI,1030001270
03,KELANTAN,04,PASIR MAS,39,PADANG EMBON,1030001064
03,KELANTAN,04,PASIR MAS,37,LUBOK SETOL,1030001278
03,KELANTAN,04,PASIR MAS,44,TELIAR,1030001065
03,KELANTAN,04,PASIR MAS,46,TOK SANGKOT,1030001067
03,KELANTAN,04,PASIR MAS,48,KUALA KELAR,1030001069
03,KELANTAN,04,PASIR MAS,50,BANDAR PASIR MAS,1030001070
03,KELANTAN,05,PASIR PUTEH,01,BANGGOL SETOL,1030001071
03,KELANTAN,05,PASIR PUTEH,02,BATU SEBUTIR,1030001072
03,KELANTAN,05,PASIR PUTEH,06,BUKIT MERBAU,1030001073
03,KELANTAN,05,PASIR PUTEH,14,GONG GARU,1030001075
03,KELANTAN,05,PASIR PUTEH,26,PASIR PUTEH,1030001076
03,KELANTAN,05,PASIR PUTEH,28,PERMATANG SUNGKAI,1030001077
03,KELANTAN,07,TUMPAT,12,KUTANG,1030001083
03,KELANTAN,07,TUMPAT,16,PALEKBANG,1030001084
03,KELANTAN,07,TUMPAT,24,TALAK,1030001086
03,KELANTAN,02,KOTA BHARU,02,BADAK MATI,1030001090
03,KELANTAN,07,TUMPAT,11,KOK KELI,1030001092
03,KELANTAN,01,BACHOK,12,LUBOK TEMBESU,1030001094
03,KELANTAN,01,BACHOK,09,KEMASIN,1030001446
03,KELANTAN,01,BACHOK,13,MAK LIPAH,1030001095
03,KELANTAN,01,BACHOK,14,MELAWI,1030001268
03,KELANTAN,03,MACHANG,13,MACHANG,1030001054
03,KELANTAN,01,BACHOK,15,NIPAH,1030001443
03,KELANTAN,01,BACHOK,17,PAUH SEMBILAN,1030001096
03,KELANTAN,01,BACHOK,19,PERUPOK,1030001444
03,KELANTAN,01,BACHOK,23,SERDANG,1030001868
03,KELANTAN,01,BACHOK,24,TAKANG,1030001100
03,KELANTAN,01,BACHOK,25,TANJONG,1030001101
03,KELANTAN,01,BACHOK,27,TANJONG PAUH,1030001102
03,KELANTAN,01,BACHOK,28,TELOK MESIRA,1030001103
03,KELANTAN,01,BACHOK,31,TEPUS,1030001104
03,KELANTAN,01,BACHOK,32,TUALANG SALAK,1030001105
03,KELANTAN,01,BACHOK,40,BANDAR BACHOK,1030001445
03,KELANTAN,01,BACHOK,70,PEKAN JELAWAT,1030001106
03,KELANTAN,02,KOTA BHARU,05,BANGGU,1030001108
03,KELANTAN,01,BACHOK,21,RUSA,1030001098
03,KELANTAN,02,KOTA BHARU,06,BANGGOL,1030001109
03,KELANTAN,02,KOTA BHARU,08,BAYANG,1030001110
03,KELANTAN,02,KOTA BHARU,09,BECHAH MULONG,1030001111
03,KELANTAN,02,KOTA BHARU,10,BETA HULU,1030001112
03,KELANTAN,02,KOTA BHARU,11,BETA HILIR,1030001113
03,KELANTAN,02,KOTA BHARU,13,BIAH,1030001114
03,KELANTAN,02,KOTA BHARU,14,BINJAI,1030001869
03,KELANTAN,02,KOTA BHARU,16,BUNUT PAYONG,1030001116
03,KELANTAN,02,KOTA BHARU,17,BUT,1030001117
03,KELANTAN,02,KOTA BHARU,19,CHEKOK,1030001118
03,KELANTAN,02,KOTA BHARU,84,TELOK BHARU,1030001586
03,KELANTAN,02,KOTA BHARU,23,DEMIT,1030001587
03,KELANTAN,02,KOTA BHARU,34,KENALI,1030001584
03,KELANTAN,10,KUALA KRAI,09,KUALA NAL,1030001249
03,KELANTAN,10,KUALA KRAI,40,BANDAR KUALA KRAI,1030001244
03,KELANTAN,02,KOTA BHARU,24,DUSON RENDAH,1030001120
03,KELANTAN,02,KOTA BHARU,25,GUNTONG,1030001121
03,KELANTAN,02,KOTA BHARU,26,JELUTONG,1030001122
03,KELANTAN,02,KOTA BHARU,28,KARANG,1030001123
03,KELANTAN,02,KOTA BHARU,29,KAMPONG SIREH,1030001124
03,KELANTAN,02,KOTA BHARU,30,KEDAI BULOH,1030001125
03,KELANTAN,02,KOTA BHARU,31,KIJANG,1030001590
03,KELANTAN,02,KOTA BHARU,35,KETEREH BARAT,1030001126
03,KELANTAN,02,KOTA BHARU,36,KETEREH TIMOR,1030001127
03,KELANTAN,02,KOTA BHARU,37,KOH,1030001128
03,KELANTAN,02,KOTA BHARU,38,KOTA,1030001870
03,KELANTAN,02,KOTA BHARU,41,LUBOK JAMBU,1030001130
03,KELANTAN,02,KOTA BHARU,42,LUBOK PUKOL,1030001131
03,KELANTAN,02,KOTA BHARU,43,LUNDANG,1030001132
03,KELANTAN,02,KOTA BHARU,44,LUNDANG PAKU,1030001133
03,KELANTAN,02,KOTA BHARU,45,MAHANG BARAT,1030001134
03,KELANTAN,02,KOTA BHARU,46,MAHANG TIMOR,1030001135
03,KELANTAN,02,KOTA BHARU,49,PADANG BONGOR,1030001136
03,KELANTAN,02,KOTA BHARU,51,PADANG GARONG,1030001137
03,KELANTAN,02,KOTA BHARU,52,PADANG LEBAN,1030001138
03,KELANTAN,02,KOTA BHARU,53,PADANG RAJA,1030001139
03,KELANTAN,02,KOTA BHARU,54,PADANG SAKAR,1030001140
03,KELANTAN,02,KOTA BHARU,56,PANCHOR,1030001141
03,KELANTAN,02,KOTA BHARU,57,PANGKAL PISANG,1030001142
03,KELANTAN,02,KOTA BHARU,59,PASIR HA,1030001143
03,KELANTAN,02,KOTA BHARU,60,PASIR MAS,1030001144
03,KELANTAN,02,KOTA BHARU,61,PATEK,1030001145
03,KELANTAN,02,KOTA BHARU,62,PAUH,1030001146
03,KELANTAN,02,KOTA BHARU,64,PENDEK,1030001147
03,KELANTAN,02,KOTA BHARU,65,PENGKALAN CHEPA,1030001148
03,KELANTAN,02,KOTA BHARU,67,PEROL,1030001149
03,KELANTAN,02,KOTA BHARU,68,PINTU GANG,1030001150
03,KELANTAN,02,KOTA BHARU,69,PULAU,1030001151
03,KELANTAN,02,KOTA BHARU,74,PULAU PISANG,1030001153
03,KELANTAN,02,KOTA BHARU,78,SERING,1030001154
03,KELANTAN,02,KOTA BHARU,80,TANJONG CHAT,1030001155
03,KELANTAN,02,KOTA BHARU,81,TAPANG,1030001156
03,KELANTAN,02,KOTA BHARU,86,TIONG,1030001157
03,KELANTAN,02,KOTA BHARU,88,WAKAF STAN,1030001158
03,KELANTAN,02,KOTA BHARU,89,WAKAF SIKU,1030001159
03,KELANTAN,02,KOTA BHARU,90,BANDAR KOTA BHARU,1030001160
03,KELANTAN,02,KOTA BHARU,95,PEKAN MULONG,1030001161
03,KELANTAN,03,MACHANG,01,BAGAN,1030001386
03,KELANTAN,03,MACHANG,04,GADING GALOH,1030001164
03,KELANTAN,03,MACHANG,06,JOH,1030001166
03,KELANTAN,03,MACHANG,07,KELAWEH,1030001167
03,KELANTAN,03,MACHANG,14,PADANG KEMUNCHUT,1030001170
03,KELANTAN,03,MACHANG,09,KERILLA,1030001168
03,KELANTAN,03,MACHANG,16,PEMANOK,1030001172
03,KELANTAN,03,MACHANG,12,LIMAU HANTU,1030001169
03,KELANTAN,03,MACHANG,40,BANDAR MACHANG,1030001175
03,KELANTAN,03,MACHANG,71,PEKAN TEMANGAN,1030001176
03,KELANTAN,04,PASIR MAS,02,ALOR PASIR,1030001271
03,KELANTAN,04,PASIR MAS,07,BECHAH PALAS,1030001178
03,KELANTAN,04,PASIR MAS,08,BECHAH SEMAK,1030001179
03,KELANTAN,03,MACHANG,21,TOK BOK,1030001174
03,KELANTAN,04,PASIR MAS,10,CHETOK,1030001180
03,KELANTAN,04,PASIR MAS,12,GUA,1030001871
03,KELANTAN,04,PASIR MAS,17,KANGKONG,1030001872
03,KELANTAN,04,PASIR MAS,18,KALA,1030001272
03,KELANTAN,04,PASIR MAS,19,KASA,1030001185
03,KELANTAN,04,PASIR MAS,21,KENAK,1030001186
03,KELANTAN,04,PASIR MAS,22,KERASAK,1030001187
03,KELANTAN,04,PASIR MAS,24,KUALA LEMAL,1030001188
03,KELANTAN,04,PASIR MAS,25,KUBANG BATANG,1030001189
03,KELANTAN,04,PASIR MAS,27,KUBANG GATAL,1030001190
03,KELANTAN,04,PASIR MAS,15,JABO,1030001183
03,KELANTAN,01,BACHOK,07,GUNONG,1030001027
03,KELANTAN,04,PASIR MAS,31,KUBANG TERAP,1030001193
03,KELANTAN,04,PASIR MAS,32,LALANG,1030001194
03,KELANTAN,04,PASIR MAS,33,LUBOK ANCHING,1030001195
03,KELANTAN,04,PASIR MAS,34,LUBOK GONG,1030001279
03,KELANTAN,04,PASIR MAS,40,PALOH,1030001196
03,KELANTAN,04,PASIR MAS,42,SAKAR,1030001197
03,KELANTAN,04,PASIR MAS,43,TASIK BERANGAN,1030001198
03,KELANTAN,04,PASIR MAS,60,BANDAR KECHIL RANTAU PANJANG,1030001281
03,KELANTAN,05,PASIR PUTEH,04,BUKIT ABAL BARAT,1030001199
03,KELANTAN,05,PASIR PUTEH,05,BUKIT ABAL TIMOR,1030001200
03,KELANTAN,05,PASIR PUTEH,07,BUKIT TANAH,1030001201
03,KELANTAN,08,GUA MUSANG,09,RENOK,1030000651
03,KELANTAN,01,BACHOK,18,PAYA MENGKUANG,1030001097
03,KELANTAN,05,PASIR PUTEH,11,GONG DATOK TIMOR,1030001203
03,KELANTAN,08,GUA MUSANG,01,BATU PAPAN,1030000647
03,KELANTAN,10,KUALA KRAI,11,KUALA PERGAU,1030001242
03,KELANTAN,02,KOTA BHARU,01,AUR DURI,1030001107
03,KELANTAN,05,PASIR PUTEH,15,GONG KULIM,1030001206
03,KELANTAN,02,KOTA BHARU,63,PAYA,1030001873
03,KELANTAN,05,PASIR PUTEH,19,JERUS,1030001207
03,KELANTAN,05,PASIR PUTEH,21,KAMPONG WAKAF,1030001208
03,KELANTAN,05,PASIR PUTEH,22,KOLAM TEMBESU,1030001209
03,KELANTAN,05,PASIR PUTEH,23,MERBOL,1030001210
03,KELANTAN,05,PASIR PUTEH,24,MERKANG,1030001211
03,KELANTAN,05,PASIR PUTEH,29,SELIGI,1030001214
03,KELANTAN,05,PASIR PUTEH,30,SELISING,1030001215
03,KELANTAN,05,PASIR PUTEH,32,TASIK,1030001874
03,KELANTAN,05,PASIR PUTEH,40,BANDAR PASIR PUTEH,1030001217
03,KELANTAN,05,PASIR PUTEH,70,PEKAN SELISING,1030001218
03,KELANTAN,03,MACHANG,19,TEMANGAN,1030001173
03,KELANTAN,06,TANAH MERAH,13,NIBONG,1030001280
03,KELANTAN,06,TANAH MERAH,40,BANDAR TANAH MERAH,1030001223
03,KELANTAN,07,TUMPAT,01,BECHAH RESAK,1030001224
03,KELANTAN,07,TUMPAT,04,CHENDERONG BATU,1030001226
03,KELANTAN,07,TUMPAT,07,JAL,1030001228
03,KELANTAN,07,TUMPAT,08,KAMPONG LAUT,1030001229
03,KELANTAN,07,TUMPAT,13,MAK NERALANG,1030001231
03,KELANTAN,07,TUMPAT,15,PASIR PEKAN,1030001233
03,KELANTAN,07,TUMPAT,18,PULAU BESAR,1030001875
03,KELANTAN,07,TUMPAT,22,SUNGAI PINANG,1030001237
03,KELANTAN,07,TUMPAT,29,WAKAF DELIMA,1030001238
03,KELANTAN,10,KUALA KRAI,14,MAMBONG,1030001243
03,KELANTAN,08,GUA MUSANG,06,LIMAU KASTURI,1030000650
03,KELANTAN,03,MACHANG,05,JAKAR,1030001165
03,KELANTAN,06,TANAH MERAH,01,BATANG MERBAU,1030001078
03,KELANTAN,08,GUA MUSANG,40,BANDAR GUA MUSANG,1030000646
03,KELANTAN,06,TANAH MERAH,05,ULU KUSIAL,1030001219
03,KELANTAN,06,TANAH MERAH,04,BUKIT DURIAN,1030001079
03,KELANTAN,06,TANAH MERAH,12,MAKA,1030001080
03,KELANTAN,08,GUA MUSANG,02,GUA MUSANG,1030000648
03,KELANTAN,06,TANAH MERAH,15,RAMBAI,1030001221
03,KELANTAN,06,TANAH MERAH,16,SOKOR,1030001284
03,KELANTAN,06,TANAH MERAH,09,KUALA PAKU,1030001220
03,KELANTAN,06,TANAH MERAH,17,TANAH MERAH,1030001081
03,KELANTAN,06,TANAH MERAH,18,TEBING TINGGI,1030001876
03,KELANTAN,04,PASIR MAS,26,KUBANG BEMBAN,1030001877
03,KELANTAN,04,PASIR MAS,04,APAM,1030001177
03,KELANTAN,04,PASIR MAS,06,BECHAH MENERONG,1030001091
03,KELANTAN,10,KUALA KRAI,05,KANDEK,1030001239
03,KELANTAN,07,TUMPAT,40,BANDAR TUMPAT,1030001588
03,KELANTAN,10,KUALA KRAI,08,KUALA KRAI,1030001241
03,KELANTAN,02,KOTA BHARU,58,PARIT,1030001045
03,KELANTAN,03,MACHANG,17,PULAI CHONDONG,1030001247
03,KELANTAN,04,PASIR MAS,05,BAKONG,1030001274
03,KELANTAN,07,TUMPAT,28,WAKAF BHARU,1030001251
03,KELANTAN,01,BACHOK,06,GAJAH MATI,1030001252
03,KELANTAN,02,KOTA BHARU,18,CHEKLI,1030001253
03,KELANTAN,02,KOTA BHARU,33,KEMUMIN,1030001254
03,KELANTAN,02,KOTA BHARU,48,MELOR,1030001255
03,KELANTAN,03,MACHANG,15,PEK,1030001171
03,KELANTAN,04,PASIR MAS,23,KIAT,1030001257
03,KELANTAN,05,PASIR PUTEH,03,BERANGAN,1030001258
03,KELANTAN,05,PASIR PUTEH,18,JERAM,1030001259
03,KELANTAN,05,PASIR PUTEH,33,TELIPOK,1030001260
03,KELANTAN,07,TUMPAT,03,BUNUT SARANG BURONG,1030001225
03,KELANTAN,01,BACHOK,08,KUAU,1030001093
03,KELANTAN,07,TUMPAT,02,BUNOHAN,1030001082
03,KELANTAN,07,TUMPAT,09,KELABORAN,1030001230
03,KELANTAN,07,TUMPAT,14,MORAK,1030001232
03,KELANTAN,07,TUMPAT,20,SELEHONG UTARA,1030001085
03,KELANTAN,07,TUMPAT,19,SELEHONG SELATAN,1030001236
03,KELANTAN,06,TANAH MERAH,11,LAWANG,1030001282
03,KELANTAN,06,TANAH MERAH,03,BENDANG NYIOR,1030001593
03,KELANTAN,06,TANAH MERAH,06,JEDOK,1030001276
03,KELANTAN,02,KOTA BHARU,22,DAL,1030001119
03,KELANTAN,01,BACHOK,10,KUBANG TELAGA,1030001028
03,KELANTAN,02,KOTA BHARU,66,PERINGAT,1030001046
03,KELANTAN,04,PASIR MAS,41,RANTAU PANJANG,1030001879
03,KELANTAN,04,PASIR MAS,45,TENDONG,1030001066
03,KELANTAN,04,PASIR MAS,09,BUKIT TUKU,1030001589
03,KELANTAN,05,PASIR PUTEH,09,CHANGGAI,1030001202
03,KELANTAN,05,PASIR PUTEH,25,PADANG PAK AMAT,1030001212
03,KELANTAN,05,PASIR PUTEH,13,GONG CHENGAL,1030001205
03,KELANTAN,12,KECIL LOJING,02,KUALA BETIS,1030001839
03,KELANTAN,05,PASIR PUTEH,12,GONG CHAPA,1030001204
03,KELANTAN,05,PASIR PUTEH,10,GONG DATOK BARAT,1030001074
03,KELANTAN,05,PASIR PUTEH,27,PENGKALAN,1030001213
03,KELANTAN,03,MACHANG,10,KUALA KERAK,1030001285
05,NEGERI SEMBILAN,01,JELEBU,05,KUALA KLAWANG,1030000169
05,NEGERI SEMBILAN,01,JELEBU,07,PERTANG,1030000170
05,NEGERI SEMBILAN,01,JELEBU,70,PEKAN KUALA KLAWANG,1030000171
05,NEGERI SEMBILAN,02,KUALA PILAH,01,AMPANG TINGGI,1030000172
05,NEGERI SEMBILAN,02,KUALA PILAH,02,ULU JEMPOL,1030000173
05,NEGERI SEMBILAN,02,KUALA PILAH,06,KEPIS,1030000174
05,NEGERI SEMBILAN,02,KUALA PILAH,09,PILAH,1030000175
05,NEGERI SEMBILAN,04,REMBAU,02,BONGEK,1030000176
05,NEGERI SEMBILAN,04,REMBAU,06,KUNDOR,1030000177
05,NEGERI SEMBILAN,04,REMBAU,13,SELEMAK,1030000178
05,NEGERI SEMBILAN,04,REMBAU,16,TANJONG KLING,1030001880
05,NEGERI SEMBILAN,05,SEREMBAN,01,AMPANGAN,1030000180
05,NEGERI SEMBILAN,05,SEREMBAN,07,SEREMBAN,1030000181
05,NEGERI SEMBILAN,05,SEREMBAN,86,PEKAN SUNGAI GADUT,1030000183
05,NEGERI SEMBILAN,05,SEREMBAN,94,PEKAN SENAWANG,1030000184
05,NEGERI SEMBILAN,06,TAMPIN,05,REPAH,1030000185
05,NEGERI SEMBILAN,07,JEMPOL,01,JELEI,1030000186
05,NEGERI SEMBILAN,05,SEREMBAN,44,BANDAR BARU ENSTEK,1030000309
05,NEGERI SEMBILAN,05,SEREMBAN,46,BANDAR NILAI UTAMA,1030001647
05,NEGERI SEMBILAN,07,JEMPOL,74,PEKAN LADANG GEDDES,1030000187
05,NEGERI SEMBILAN,01,JELEBU,06,PERADONG,1030000188
05,NEGERI SEMBILAN,02,KUALA PILAH,80,PEKAN DANGI BARU,1030000189
05,NEGERI SEMBILAN,04,REMBAU,05,GADONG,1030000293
05,NEGERI SEMBILAN,01,JELEBU,40,BANDAR KUALA KLAWANG,1030000190
05,NEGERI SEMBILAN,01,JELEBU,71,PEKAN PERTANG,1030000191
05,NEGERI SEMBILAN,01,JELEBU,72,PEKAN TITI,1030000192
05,NEGERI SEMBILAN,01,JELEBU,73,PEKAN SIMPANG DURIAN,1030000193
05,NEGERI SEMBILAN,02,KUALA PILAH,03,ULU MUAR,1030000194
05,NEGERI SEMBILAN,02,KUALA PILAH,04,JOHOL,1030000195
05,NEGERI SEMBILAN,02,KUALA PILAH,05,JUASSEH,1030000196
05,NEGERI SEMBILAN,02,KUALA PILAH,08,PARIT TINGGI,1030000198
05,NEGERI SEMBILAN,02,KUALA PILAH,10,SRI MENANTI,1030001383
05,NEGERI SEMBILAN,02,KUALA PILAH,11,TERACHI,1030000200
05,NEGERI SEMBILAN,02,KUALA PILAH,40,BANDAR KUALA PILAH,1030000201
05,NEGERI SEMBILAN,02,KUALA PILAH,70,PEKAN DANGI,1030000202
05,NEGERI SEMBILAN,02,KUALA PILAH,71,PEKAN GUNUNG PASIR,1030000203
05,NEGERI SEMBILAN,02,KUALA PILAH,72,PEKAN JOHOL,1030000204
05,NEGERI SEMBILAN,02,KUALA PILAH,73,PEKAN PARIT TINGGI,1030000205
05,NEGERI SEMBILAN,02,KUALA PILAH,74,PEKAN SENALING,1030000206
05,NEGERI SEMBILAN,02,KUALA PILAH,75,PEKAN TANJONG IPOH,1030000207
05,NEGERI SEMBILAN,02,KUALA PILAH,76,PEKAN JUASSEH,1030000208
05,NEGERI SEMBILAN,02,KUALA PILAH,78,PEKAN MELANG,1030000209
05,NEGERI SEMBILAN,02,KUALA PILAH,79,PEKAN AIR MAWANG,1030000210
05,NEGERI SEMBILAN,03,PORT DICKSON,72,PEKAN PENG.KEMPAS,1030000213
05,NEGERI SEMBILAN,03,PORT DICKSON,73,PEKAN CHUAH,1030001350
05,NEGERI SEMBILAN,04,REMBAU,01,BATU HAMPAR,1030000214
05,NEGERI SEMBILAN,04,REMBAU,03,CHEMBONG,1030000215
05,NEGERI SEMBILAN,04,REMBAU,04,CHENGKAU,1030000216
05,NEGERI SEMBILAN,04,REMBAU,07,LEGONG ILIR,1030000217
05,NEGERI SEMBILAN,04,REMBAU,08,LEGONG ULU,1030000218
05,NEGERI SEMBILAN,04,REMBAU,09,MIKU,1030000219
05,NEGERI SEMBILAN,04,REMBAU,10,NERASAU,1030000220
05,NEGERI SEMBILAN,04,REMBAU,11,PEDAS,1030000221
05,NEGERI SEMBILAN,04,REMBAU,12,PILIN,1030000222
05,NEGERI SEMBILAN,04,REMBAU,15,SPRI,1030000223
05,NEGERI SEMBILAN,04,REMBAU,40,BANDAR REMBAU,1030000224
05,NEGERI SEMBILAN,04,REMBAU,70,PEKAN KAMPONG BATU,1030000225
05,NEGERI SEMBILAN,04,REMBAU,72,PEKAN LUBOK CHINA,1030001881
05,NEGERI SEMBILAN,04,REMBAU,73,PEKAN PEDAS,1030000227
05,NEGERI SEMBILAN,04,REMBAU,74,PEKAN CHEMBONG,1030000228
05,NEGERI SEMBILAN,04,REMBAU,75,PEKAN REMBAU,1030000229
05,NEGERI SEMBILAN,04,REMBAU,76,PEKAN CHENGKAU,1030000230
05,NEGERI SEMBILAN,05,SEREMBAN,40,BANDAR SEREMBAN,1030000233
05,NEGERI SEMBILAN,05,SEREMBAN,73,PEKAN LENGGENG,1030000235
05,NEGERI SEMBILAN,05,SEREMBAN,74,PEKAN MAMBAU,1030000236
05,NEGERI SEMBILAN,05,SEREMBAN,75,PEKAN NILAI,1030000237
05,NEGERI SEMBILAN,05,SEREMBAN,76,PEKAN MANTIN,1030000238
05,NEGERI SEMBILAN,05,SEREMBAN,77,PEKAN PAJAM,1030000239
05,NEGERI SEMBILAN,05,SEREMBAN,78,PEKAN RANTAU,1030000240
05,NEGERI SEMBILAN,05,SEREMBAN,79,PEKAN TIROI,1030000241
05,NEGERI SEMBILAN,05,SEREMBAN,80,PEKAN PANCHOR,1030000242
05,NEGERI SEMBILAN,05,SEREMBAN,81,PEKAN TAMAN SEREMBAN,1030000243
05,NEGERI SEMBILAN,05,SEREMBAN,83,PEKAN PAROI,1030000244
05,NEGERI SEMBILAN,05,SEREMBAN,84,PEKAN BUKIT KEPAYANG,1030000245
05,NEGERI SEMBILAN,05,SEREMBAN,85,PEKAN DUSUN SETIA,1030000246
05,NEGERI SEMBILAN,05,SEREMBAN,87,PEKAN BUKTI,1030000247
05,NEGERI SEMBILAN,05,SEREMBAN,89,PEKAN SHAH BANDAR,1030000248
05,NEGERI SEMBILAN,05,SEREMBAN,90,PEKAN SETUL,1030000249
05,NEGERI SEMBILAN,05,SEREMBAN,91,PEKAN ULU TEMIANG,1030000250
05,NEGERI SEMBILAN,05,SEREMBAN,92,PEKAN PAROI JAYA,1030000251
05,NEGERI SEMBILAN,05,SEREMBAN,93,PEKAN RASAH JAYA,1030000252
05,NEGERI SEMBILAN,05,SEREMBAN,95,PEKAN SEREMBAN JAYA,1030000253
05,NEGERI SEMBILAN,06,TAMPIN,71,PEKAN BATANG MELAKA,1030001882
05,NEGERI SEMBILAN,06,TAMPIN,72,PEKAN GEMENCHEH BAHRU,1030000254
05,NEGERI SEMBILAN,06,TAMPIN,73,PEKAN REPAH,1030000255
05,NEGERI SEMBILAN,06,TAMPIN,75,PEKAN AYER KUNING,1030002000
05,NEGERI SEMBILAN,06,TAMPIN,76,PEKAN PASIR BESAR,1030000257
05,NEGERI SEMBILAN,07,JEMPOL,02,KUALA JEMPOL,1030000258
05,NEGERI SEMBILAN,07,JEMPOL,40,BANDAR SERTING,1030000259
05,NEGERI SEMBILAN,07,JEMPOL,41,BANDAR BAHAU,1030000260
05,NEGERI SEMBILAN,07,JEMPOL,70,PEKAN BAHAU,1030000261
05,NEGERI SEMBILAN,07,JEMPOL,71,PEKAN BATU KIKIR,1030000262
05,NEGERI SEMBILAN,07,JEMPOL,72,PEKAN KUALA JELEI,1030000263
05,NEGERI SEMBILAN,07,JEMPOL,73,PEKAN ROMPIN,1030000264
05,NEGERI SEMBILAN,07,JEMPOL,75,PEKAN MAHSAN,1030000265
05,NEGERI SEMBILAN,03,PORT DICKSON,77,PEKAN LINGGI,1030000266
05,NEGERI SEMBILAN,03,PORT DICKSON,78,PEKAN AIR KUNING,1030000267
05,NEGERI SEMBILAN,01,JELEBU,75,PEKAN PETALING,1030001293
05,NEGERI SEMBILAN,01,JELEBU,76,PEKAN SUNGAI MUTOH,1030000269
05,NEGERI SEMBILAN,03,PORT DICKSON,81,PEKAN TANAH MERAH UTARA,1030000270
05,NEGERI SEMBILAN,03,PORT DICKSON,82,PEKAN TANAH MERAH SELATAN,1030000271
05,NEGERI SEMBILAN,03,PORT DICKSON,83,PEKAN JEMIMA,1030000272
05,NEGERI SEMBILAN,04,REMBAU,77,PEKAN SERI KOTA,1030000273
05,NEGERI SEMBILAN,04,REMBAU,79,PEKAN MERBAU SEMBILAN,1030000274
05,NEGERI SEMBILAN,05,SEREMBAN,41,BANDAR SEREMBAN 3,1030000275
05,NEGERI SEMBILAN,05,SEREMBAN,45,BANDAR BARU KOTA SRI MAS,1030000308
05,NEGERI SEMBILAN,06,TAMPIN,77,PEKAN REPAH PERMAI,1030000276
05,NEGERI SEMBILAN,06,TAMPIN,78,PEKAN REPAH JAYA,1030000277
05,NEGERI SEMBILAN,07,JEMPOL,42,BANDAR SERI JEMPOL,1030000278
05,NEGERI SEMBILAN,07,JEMPOL,76,PEKAN SERTING TENGAH,1030000279
05,NEGERI SEMBILAN,01,JELEBU,74,PEKAN SIMPANG PERTANG,1030000280
05,NEGERI SEMBILAN,02,KUALA PILAH,77,PEKAN BUKIT GELUGOR,1030000281
05,NEGERI SEMBILAN,02,KUALA PILAH,07,LANGKAP,1030000282
05,NEGERI SEMBILAN,04,REMBAU,71,PEKAN KOTA,1030000283
05,NEGERI SEMBILAN,05,SEREMBAN,72,PEKAN LABU,1030000284
05,NEGERI SEMBILAN,05,SEREMBAN,88,PEKAN SIKAMAT,1030000285
05,NEGERI SEMBILAN,06,TAMPIN,70,PEKAN AYER KUNING SELATAN,1030000286
05,NEGERI SEMBILAN,05,SEREMBAN,42,BANDAR SEREMBAN UTAMA,1030001602
06,PAHANG,08,TEMERLOH,72,PEKAN KUALA KERAU,1030000387
06,PAHANG,03,JERANTUT,04,KELOLA,1030000361
06,PAHANG,04,KUANTAN,03,ULU LEPAR,1030000367
06,PAHANG,10,MARAN,72,PEKAN SRI JAYA,1030000389
06,PAHANG,01,BENTONG,71,PEKAN TELEMUNG,1030000357
06,PAHANG,03,JERANTUT,08,TEBING TINGGI,1030001884
06,PAHANG,08,TEMERLOH,06,MENTAKAB,1030001885
06,PAHANG,08,TEMERLOH,07,PERAK,1030000313
06,PAHANG,08,TEMERLOH,03,KERDAU,1030000312
06,PAHANG,08,TEMERLOH,02,JENDERAK,1030001565
06,PAHANG,08,TEMERLOH,09,SEMANTAN,1030000337
06,PAHANG,15,KECIL MUADZAM SHAH,02,BEBAR,1030001886
06,PAHANG,10,MARAN,02,CHENOR,1030000316
06,PAHANG,03,JERANTUT,06,PEDAH,1030000319
06,PAHANG,03,JERANTUT,05,KUALA TEMBELING,1030000362
06,PAHANG,10,MARAN,03,KERTAU,1030000317
06,PAHANG,10,MARAN,70,PEKAN CHENOR,1030000351
06,PAHANG,06,PEKAN,04,LANGGAR,1030001887
06,PAHANG,06,PEKAN,02,GANCHONG,1030000379
06,PAHANG,06,PEKAN,11,TEMAI,1030000384
06,PAHANG,06,PEKAN,09,PULAU MANIS,1030000383
06,PAHANG,06,PEKAN,10,PULAU RUSA,1030000322
06,PAHANG,06,PEKAN,06,PAHANG TUA,1030000394
06,PAHANG,03,JERANTUT,09,TEH,1030000390
06,PAHANG,03,JERANTUT,01,BURAU,1030001566
06,PAHANG,03,JERANTUT,70,PEKAN KUALA TEMBELING,1030000366
06,PAHANG,03,JERANTUT,07,PULAU TAWAR,1030000363
06,PAHANG,03,JERANTUT,40,BANDAR JERANTUT,1030000365
06,PAHANG,03,JERANTUT,71,PEKAN JERANSANG,1030000385
06,PAHANG,06,PEKAN,40,BANDAR PEKAN,1030001888
06,PAHANG,07,RAUB,01,BATU TALAM,1030001567
06,PAHANG,07,RAUB,04,ULU DONG,1030000326
06,PAHANG,07,RAUB,05,SEGA,1030000327
06,PAHANG,07,RAUB,40,BANDAR RAUB,1030000328
06,PAHANG,15,KECIL MUADZAM SHAH,40,BANDAR MUADZAM SHAH I,1030000345
06,PAHANG,15,KECIL MUADZAM SHAH,41,BANDAR MUADZAM SHAH II,1030000346
06,PAHANG,09,ROMPIN,70,PEKAN KUALA ROMPIN,1030000347
06,PAHANG,10,MARAN,01,BUKIT SEGUMPAL,1030000315
06,PAHANG,07,RAUB,70,PEKAN CHEROH,1030000330
06,PAHANG,07,RAUB,71,PEKAN DONG,1030000331
06,PAHANG,08,TEMERLOH,04,LEBAK,1030000333
06,PAHANG,08,TEMERLOH,05,LIPAT KAJANG,1030000334
06,PAHANG,08,TEMERLOH,08,SANGGANG,1030000336
06,PAHANG,08,TEMERLOH,10,SONGSANG,1030000338
06,PAHANG,08,TEMERLOH,40,BANDAR MENTAKAB,1030000335
06,PAHANG,08,TEMERLOH,41,BANDAR TEMERLOH,1030000339
06,PAHANG,08,TEMERLOH,71,PEKAN KERDAU,1030000340
06,PAHANG,08,TEMERLOH,73,PEKAN LANCHANG,1030000341
06,PAHANG,02,CAMERON HIGHLANDS,72,PEKAN RINGLET,1030000360
06,PAHANG,02,CAMERON HIGHLANDS,70,PEKAN BRINCANG,1030000359
06,PAHANG,02,CAMERON HIGHLANDS,71,PEKAN LUBOK TAMANG,1030000386
06,PAHANG,11,BERA,75,PEKAN MENGKUANG,1030000392
06,PAHANG,11,BERA,42,BANDAR TRIANG,1030000352
06,PAHANG,08,TEMERLOH,01,BANGAU,1030000323
06,PAHANG,11,BERA,74,PEKAN MENGKARAK,1030000354
06,PAHANG,11,BERA,70,PEKAN DURIAN TAWAR,1030000353
06,PAHANG,06,PEKAN,08,PENYOR,1030000382
06,PAHANG,06,PEKAN,05,LEPAR,1030000381
06,PAHANG,01,BENTONG,41,BANDAR KARAK,1030000356
06,PAHANG,01,BENTONG,40,BANDAR BENTONG,1030001889
06,PAHANG,02,CAMERON HIGHLANDS,40,BANDAR TANAH RATA,1030000358
06,PAHANG,04,KUANTAN,40,BANDAR GAMBANG,1030000393
06,PAHANG,04,KUANTAN,71,PEKAN TANJUNG LUMPUR,1030000368
06,PAHANG,09,ROMPIN,46,BANDAR ENDAU,1030001890
06,PAHANG,03,JERANTUT,02,ULU CHEKA,1030000318
06,PAHANG,15,KECIL MUADZAM SHAH,01,KERATONG,1030000397
06,PAHANG,09,ROMPIN,40,BANDAR BAHARU ROMPIN,1030001605
06,PAHANG,09,ROMPIN,41,BANDAR ROMPIN I,1030001606
06,PAHANG,09,ROMPIN,44,BANDAR ROMPIN IV,1030000343
06,PAHANG,09,ROMPIN,45,BANDAR PONTIAN,1030000344
07,PULAU PINANG,01,SEBERANG PERAI TENGAH,08,MUKIM 8,1030001894
07,PULAU PINANG,01,SEBERANG PERAI TENGAH,09,MUKIM 9,1030001895
07,PULAU PINANG,01,SEBERANG PERAI TENGAH,10,MUKIM 10,1030001896
07,PULAU PINANG,01,SEBERANG PERAI TENGAH,13,MUKIM 13,1030001897
07,PULAU PINANG,01,SEBERANG PERAI TENGAH,14,MUKIM 14,1030001898
07,PULAU PINANG,01,SEBERANG PERAI TENGAH,15,MUKIM 15,1030001899
07,PULAU PINANG,01,SEBERANG PERAI TENGAH,17,MUKIM 17,1030001900
07,PULAU PINANG,03,SEBERANG PERAI SELATAN,01,MUKIM 1,1030001901
07,PULAU PINANG,03,SEBERANG PERAI SELATAN,12,MUKIM 12,1030001902
07,PULAU PINANG,04,TIMOR LAUT,05,MUKIM 17,1030000805
07,PULAU PINANG,04,TIMOR LAUT,42,BANDAR BUKIT BENDERA,1030000758
07,PULAU PINANG,05,BARAT DAYA,04,MUKIM 4,1030000759
07,PULAU PINANG,05,BARAT DAYA,10,MUKIM 10,1030000760
07,PULAU PINANG,05,BARAT DAYA,22,MUKIM J,1030000761
07,PULAU PINANG,01,SEBERANG PERAI TENGAH,11,MUKIM 11,1030001903
07,PULAU PINANG,01,SEBERANG PERAI TENGAH,18,MUKIM 18,1030001904
07,PULAU PINANG,01,SEBERANG PERAI TENGAH,40,BANDAR BUKIT MERTAJAM,1030000766
07,PULAU PINANG,03,SEBERANG PERAI SELATAN,04,MUKIM 4,1030001909
07,PULAU PINANG,03,SEBERANG PERAI SELATAN,14,MUKIM 14,1030000771
07,PULAU PINANG,03,SEBERANG PERAI SELATAN,15,MUKIM 15,1030000775
07,PULAU PINANG,03,SEBERANG PERAI SELATAN,16,MUKIM 16,1030000780
07,PULAU PINANG,03,SEBERANG PERAI SELATAN,40,BANDAR NIBONG TEBAL,1030000776
07,PULAU PINANG,03,SEBERANG PERAI SELATAN,41,BANDAR SUNGEI BAKAP,1030000777
07,PULAU PINANG,04,TIMOR LAUT,02,MUKIM 14,1030001910
07,PULAU PINANG,04,TIMOR LAUT,03,MUKIM 15,1030001911
07,PULAU PINANG,04,TIMOR LAUT,04,MUKIM 16,1030001912
07,PULAU PINANG,04,TIMOR LAUT,06,MUKIM 18,1030000803
07,PULAU PINANG,04,TIMOR LAUT,40,BANDAR AYER ITAM,1030000782
07,PULAU PINANG,04,TIMOR LAUT,43,BANDAR GLUGOR,1030000783
07,PULAU PINANG,05,BARAT DAYA,03,MUKIM 3,1030001913
07,PULAU PINANG,05,BARAT DAYA,05,MUKIM 5,1030001914
07,PULAU PINANG,05,BARAT DAYA,06,MUKIM 6,1030000768
07,PULAU PINANG,05,BARAT DAYA,17,MUKIM E,1030000788
07,PULAU PINANG,05,BARAT DAYA,18,MUKIM F,1030000789
07,PULAU PINANG,05,BARAT DAYA,19,MUKIM G,1030000790
07,PULAU PINANG,05,BARAT DAYA,40,BANDAR BALIK PULAU,1030000791
07,PULAU PINANG,05,BARAT DAYA,41,BANDAR BAYAN LEPAS,1030000792
07,PULAU PINANG,04,TIMOR LAUT,45,BANDAR JELUTONG,1030001466
08,PERAK,06,LARUT MATANG DAN SELAMA,03,BUKIT GANTANG,1030000495
08,PERAK,07,HILIR PERAK,02,CHANGKAT JONG,1030000497
08,PERAK,07,HILIR PERAK,08,SUNGAI MANIK,1030000499
08,PERAK,07,HILIR PERAK,74,PEKAN DEGONG,1030000500
08,PERAK,13,BAGAN DATUK,78,PEKAN SUNGAI SUMUN,1030000501
08,PERAK,10,PERAK TENGAH,03,BOTA,1030001560
08,PERAK,01,BATANG PADANG,02,BIDOR,1030000504
08,PERAK,03,KINTA,05,SUNGAI TERAP,1030000507
08,PERAK,03,KINTA,47,BANDAR LAHAT,1030000508
08,PERAK,03,KINTA,73,PEKAN SIMPANG PULAI,1030000509
08,PERAK,04,KERIAN,72,PEKAN SIMPANG EMPAT,1030001916
08,PERAK,05,KUALA KANGSAR,04,KOTA LAMA KIRI,1030000512
08,PERAK,05,KUALA KANGSAR,07,SAYUNG,1030000513
08,PERAK,13,BAGAN DATUK,72,PEKAN HUTAN MELINTANG,1030000514
08,PERAK,06,LARUT MATANG DAN SELAMA,06,PENGKALAN AOR,1030000515
08,PERAK,06,LARUT MATANG DAN SELAMA,07,SIMPANG,1030000516
08,PERAK,06,LARUT MATANG DAN SELAMA,08,SUNGAI LIMAU,1030000517
08,PERAK,06,LARUT MATANG DAN SELAMA,11,TUPAI,1030000518
08,PERAK,06,LARUT MATANG DAN SELAMA,41,BANDAR KUALA SEPETANG,1030000520
08,PERAK,06,LARUT MATANG DAN SELAMA,42,BANDAR MATANG,1030000521
08,PERAK,06,LARUT MATANG DAN SELAMA,43,BANDAR TAIPING,1030000522
08,PERAK,06,LARUT MATANG DAN SELAMA,70,PEKAN BATU KURAU,1030000523
08,PERAK,06,LARUT MATANG DAN SELAMA,71,PEKAN CHANGKAT JERING,1030000524
08,PERAK,06,LARUT MATANG DAN SELAMA,72,PEKAN PONDOK TANJONG,1030000525
08,PERAK,06,LARUT MATANG DAN SELAMA,73,PEKAN SIMPANG,1030000526
08,PERAK,07,HILIR PERAK,40,BANDAR TELUK INTAN,1030000531
08,PERAK,13,BAGAN DATUK,70,PEKAN BAGAN DATUK,1030000532
08,PERAK,07,HILIR PERAK,71,PEKAN BATAK RABIT,1030000533
08,PERAK,13,BAGAN DATUK,71,PEKAN BATU DUA PULOH,1030000534
08,PERAK,07,HILIR PERAK,73,PEKAN CHIKUS,1030000535
08,PERAK,13,BAGAN DATUK,73,PEKAN JENDARATA,1030000536
08,PERAK,13,BAGAN DATUK,74,PEKAN KAMPONG SUNGAI HAJI MOHAMED,1030001561
08,PERAK,07,HILIR PERAK,78,PEKAN LANGKAP,1030000537
08,PERAK,13,BAGAN DATUK,75,PEKAN SELEKOH,1030000538
08,PERAK,13,BAGAN DATUK,76,PEKAN SIMPANG EMPAT,1030000539
08,PERAK,13,BAGAN DATUK,77,PEKAN SIMPANG TIGA,1030001917
08,PERAK,08,HULU PERAK,41,BANDAR KELIAN INTAN,1030000543
08,PERAK,08,HULU PERAK,43,BANDAR LAWIN,1030000545
08,PERAK,08,HULU PERAK,44,BANDAR LENGGONG,1030000546
08,PERAK,09,SELAMA,40,BANDAR SELAMA,1030000547
08,PERAK,09,SELAMA,70,PEKAN RANTAU PANJANG,1030000548
08,PERAK,09,SELAMA,71,PEKAN SUNGAI BAYUR,1030000549
08,PERAK,10,PERAK TENGAH,05,KAMPONG GAJAH,1030000552
08,PERAK,10,PERAK TENGAH,07,LAMBOR KANAN,1030000554
08,PERAK,10,PERAK TENGAH,08,LAMBOR KIRI,1030000555
08,PERAK,10,PERAK TENGAH,09,LAYANG LAYANG,1030000556
08,PERAK,10,PERAK TENGAH,40,BANDAR SERI ISKANDAR,1030000559
08,PERAK,10,PERAK TENGAH,70,PEKAN BOTA KANAN,1030000560
08,PERAK,10,PERAK TENGAH,71,PEKAN KAMPONG BULOH AKAR,1030000561
08,PERAK,10,PERAK TENGAH,72,PEKAN KOTA SETIA,1030000562
08,PERAK,10,PERAK TENGAH,74,PEKAN TANJONG BELANJA,1030000563
08,PERAK,01,BATANG PADANG,40,BANDAR BIDOR,1030000564
08,PERAK,01,BATANG PADANG,41,BANDAR CHENDERIANG,1030000565
08,PERAK,01,BATANG PADANG,42,BANDAR SUNGKAI,1030000566
08,PERAK,12,MUALLIM,40,BANDAR TANJONG MALIM,1030000636
08,PERAK,01,BATANG PADANG,44,BANDAR TAPAH,1030000567
08,PERAK,12,MUALLIM,71,PEKAN SLIM,1030000571
08,PERAK,01,BATANG PADANG,75,PEKAN SUNGAI LESONG,1030000572
08,PERAK,01,BATANG PADANG,76,PEKAN TAPAH ROAD,1030000573
08,PERAK,01,BATANG PADANG,77,PEKAN TEMOH STATION,1030000574
08,PERAK,12,MUALLIM,72,PEKAN TEROLAK,1030000575
08,PERAK,02,MANJUNG,01,BERUAS,1030000576
08,PERAK,01,BATANG PADANG,45,BANDAR TEMOH,1030000568
08,PERAK,02,MANJUNG,40,BANDAR LUMUT,1030000577
08,PERAK,02,MANJUNG,70,PEKAN AYER TAWAR,1030000578
08,PERAK,02,MANJUNG,71,PEKAN BERUAS,1030000579
08,PERAK,02,MANJUNG,72,PEKAN CHANGKAT KERUING,1030000580
08,PERAK,02,MANJUNG,74,PEKAN KAMPONG BAHARU,1030000581
08,PERAK,02,MANJUNG,75,PEKAN KAMPONG KOH,1030000582
08,PERAK,02,MANJUNG,77,PEKAN PANGKOR,1030001461
08,PERAK,02,MANJUNG,78,PEKAN PANTAI REMIS,1030000584
08,PERAK,02,MANJUNG,79,PEKAN PASIR BOGAK,1030001462
08,PERAK,02,MANJUNG,80,PEKAN PEKAN GURNEY,1030000585
08,PERAK,02,MANJUNG,82,PEKAN SEGARI,1030000586
08,PERAK,02,MANJUNG,83,PEKAN SITIAWAN,1030000587
08,PERAK,02,MANJUNG,84,PEKAN SUNGAI PINANG KECHIL,1030001463
08,PERAK,03,KINTA,40,BANDAR BATU GAJAH,1030000589
08,PERAK,03,KINTA,41,BANDAR CHEMOR,1030000590
08,PERAK,11,KAMPAR,40,BANDAR GOPENG,1030000591
08,PERAK,03,KINTA,43,BANDAR IPOH (N),1030001840
08,PERAK,03,KINTA,44,BANDAR IPOH (S),1030000593
08,PERAK,03,KINTA,45,BANDAR JELAPANG,1030000594
08,PERAK,03,KINTA,48,BANDAR MENGLEMBU,1030000596
08,PERAK,03,KINTA,49,BANDAR PAPAN,1030000597
08,PERAK,03,KINTA,51,BANDAR PUSING,1030000598
08,PERAK,03,KINTA,52,BANDAR SEPUTEH,1030000599
08,PERAK,03,KINTA,53,BANDAR SUNGAI RAYA,1030000600
08,PERAK,03,KINTA,54,BANDAR TAMBUN,1030000601
08,PERAK,03,KINTA,55,BANDAR TANJONG RAMBUTAN,1030000602
08,PERAK,03,KINTA,56,BANDAR TRONOH,1030000603
08,PERAK,03,KINTA,70,PEKAN KANTHAN,1030000604
08,PERAK,11,KAMPAR,70,PEKAN KOTA BAHARU,1030000605
08,PERAK,03,KINTA,74,PEKAN TANJONG TUALANG,1030000607
08,PERAK,04,KERIAN,40,BANDAR BAGAN SERAI,1030000609
08,PERAK,04,KERIAN,41,BANDAR KUALA KURAU,1030000610
08,PERAK,04,KERIAN,70,PEKAN BUKIT MERAH,1030000611
08,PERAK,04,KERIAN,71,PEKAN JALAN BARU,1030000612
08,PERAK,04,KERIAN,73,PEKAN SIMPANG LIMA,1030001918
08,PERAK,04,KERIAN,74,PEKAN SUNGAI GEDONG,1030000614
08,PERAK,04,KERIAN,75,PEKAN TANJONG PIANDANG,1030000615
08,PERAK,05,KUALA KANGSAR,03,KOTA LAMA KANAN,1030000617
08,PERAK,05,KUALA KANGSAR,05,LUBOK MERBAU,1030000618
08,PERAK,05,KUALA KANGSAR,40,BANDAR KUALA KANGSAR,1030000621
08,PERAK,05,KUALA KANGSAR,41,BANDAR SUNGAI SIPUT,1030000622
08,PERAK,05,KUALA KANGSAR,70,PEKAN GUNONG PONDOK,1030000623
08,PERAK,05,KUALA KANGSAR,71,PEKAN JERLUN,1030000624
08,PERAK,05,KUALA KANGSAR,72,PEKAN KARAI,1030000625
08,PERAK,05,KUALA KANGSAR,73,PEKAN KATI,1030000626
08,PERAK,05,KUALA KANGSAR,74,PEKAN LUBOK MERBAU,1030000950
08,PERAK,05,KUALA KANGSAR,75,PEKAN MANONG,1030000628
08,PERAK,05,KUALA KANGSAR,76,PEKAN PADANG RENGAS,1030000629
08,PERAK,05,KUALA KANGSAR,77,PEKAN SALAK,1030001919
08,PERAK,02,MANJUNG,81,PEKAN PENGKALAN BAHARU,1030000631
08,PERAK,10,PERAK TENGAH,73,PEKAN PARIT,1030000633
08,PERAK,01,BATANG PADANG,73,PEKAN BIKAM,1030000634
08,PERAK,02,MANJUNG,73,PEKAN DAMAR LAUT,1030000635
08,PERAK,05,KUALA KANGSAR,02,KAMPONG BUAYA,1030000616
09,PERLIS,01,PERLIS,03,BESERI,1030000810
09,PERLIS,01,PERLIS,08,KECHOR,1030000813
09,PERLIS,01,PERLIS,14,PADANG PAUH,1030000817
09,PERLIS,01,PERLIS,18,SENA,1030000819
09,PERLIS,01,PERLIS,01,ABI,1030000822
09,PERLIS,01,PERLIS,40,BANDAR ARAU,1030000826
09,PERLIS,01,PERLIS,70,PEKAN KUALA PERLIS,1030000827
09,PERLIS,01,PERLIS,72,PEKAN KAKI BUKIT,1030000828
09,PERLIS,01,PERLIS,41,BANDAR KANGAR,1030000829
09,PERLIS,01,PERLIS,16,PAYA,1030001256
10,SELANGOR,04,KUALA SELANGOR,76,PEKAN PASIR PENAMBANG,1030000436
10,SELANGOR,04,KUALA SELANGOR,81,PEKAN KAMPONG BARU HULU TIRAM BURUK,1030001558
10,SELANGOR,04,KUALA SELANGOR,91,PEKAN BESTARI JAYA,1030001666
10,SELANGOR,10,SEPANG,77,PEKAN DATO' BAKAR BAGINDA,1030000418
10,SELANGOR,10,SEPANG,78,PEKAN BARU SALAK TINGGI,1030000486
10,SELANGOR,10,SEPANG,79,PEKAN SUNGAI MERAB,1030001642
10,SELANGOR,08,PETALING,84,PEKAN BARU HICOM,1030001631
10,SELANGOR,06,ULU LANGAT,76,PEKAN BANGI LAMA,1030000489
10,SELANGOR,10,SEPANG,72,PEKAN SUNGAI PELEK,1030000484
10,SELANGOR,07,ULU SELANGOR,11,SERENDAH,1030001721
10,SELANGOR,09,GOMBAK,40,BANDAR BATU ARANG,1030000476
10,SELANGOR,09,GOMBAK,41,BANDAR KUANG,1030001708
10,SELANGOR,09,GOMBAK,42,BANDAR RAWANG,1030001719
10,SELANGOR,08,PETALING,41,BANDAR SHAH ALAM,1030001632
10,SELANGOR,08,PETALING,70,PEKAN BATU TIGA,1030000472
10,SELANGOR,08,PETALING,71,PEKAN MERBAU SEMPAK,1030001725
10,SELANGOR,08,PETALING,72,PEKAN PUCHONG,1030001639
10,SELANGOR,07,ULU SELANGOR,45,BANDAR SERENDAH,1030000415
10,SELANGOR,07,ULU SELANGOR,47,BANDAR ULU BERNAM I,1030001724
10,SELANGOR,07,ULU SELANGOR,70,PEKAN KERLING,1030000416
10,SELANGOR,07,ULU SELANGOR,72,PEKAN SIMPANG SUNGAI CHOH,1030000417
10,SELANGOR,07,ULU SELANGOR,40,BANDAR ULU YAM,1030001702
10,SELANGOR,07,ULU SELANGOR,41,BANDAR ULU YAM BAHARU,1030001700
10,SELANGOR,07,ULU SELANGOR,42,BANDAR KALUMPANG,1030001717
10,SELANGOR,06,ULU LANGAT,73,PEKAN KACHAU,1030001653
10,SELANGOR,07,ULU SELANGOR,44,BANDAR RASA,1030000468
10,SELANGOR,06,ULU LANGAT,42,BANDAR KAJANG,1030000413
10,SELANGOR,06,ULU LANGAT,43,BANDAR SEMENYIH,1030001652
10,SELANGOR,06,ULU LANGAT,48,BANDAR BATU 9 CHERAS,1030000456
10,SELANGOR,06,ULU LANGAT,71,PEKAN BERANANG,1030001645
10,SELANGOR,06,ULU LANGAT,40,BANDAR CHERAS,1030001689
10,SELANGOR,06,ULU LANGAT,41,BANDAR ULU LANGAT,1030001692
10,SELANGOR,05,SABAK BERNAM,75,PEKAN SABAK,1030000444
10,SELANGOR,05,SABAK BERNAM,76,PEKAN SUNGAI AIR TAWAR,1030000445
10,SELANGOR,05,SABAK BERNAM,84,PEKAN SUNGAI NIBONG,1030000452
10,SELANGOR,04,KUALA SELANGOR,70,PEKAN ASAM JAWA,1030001661
10,SELANGOR,04,KUALA SELANGOR,72,PEKAN BUKIT ROTAN,1030001662
10,SELANGOR,04,KUALA SELANGOR,74,PEKAN KAMPONG KUANTAN,1030000488
10,SELANGOR,04,KUALA SELANGOR,75,PEKAN KUALA SUNGAI BULOH,1030001660
10,SELANGOR,02,KUALA LANGAT,85,PEKAN TELOK,1030000433
10,SELANGOR,02,KUALA LANGAT,86,PEKAN TONGKAH,1030000432
10,SELANGOR,04,KUALA SELANGOR,40,BANDAR KUALA SELANGOR,1030001664
10,SELANGOR,04,KUALA SELANGOR,41,BANDAR TANJONG KARANG,1030000435
10,SELANGOR,02,KUALA LANGAT,78,PEKAN PERMATANG PASIR,1030001615
10,SELANGOR,02,KUALA LANGAT,80,PEKAN SIMPANG MORIB,1030001622
10,SELANGOR,02,KUALA LANGAT,81,PEKAN SUNGAI MANGGIS,1030001626
10,SELANGOR,02,KUALA LANGAT,82,PEKAN SUNGAI RABA,1030000431
10,SELANGOR,02,KUALA LANGAT,83,PEKAN TANJONG DUABELAS,1030000487
10,SELANGOR,02,KUALA LANGAT,84,PEKAN TELOK DATOK,1030001624
10,SELANGOR,02,KUALA LANGAT,70,PEKAN BATU,1030001921
10,SELANGOR,02,KUALA LANGAT,71,PEKAN BUKIT CHANGGANG,1030000427
10,SELANGOR,02,KUALA LANGAT,72,PEKAN CHODOI,1030000428
10,SELANGOR,02,KUALA LANGAT,73,PEKAN JENJAROM,1030000429
10,SELANGOR,02,KUALA LANGAT,74,PEKAN KANCHONG,1030001616
10,SELANGOR,02,KUALA LANGAT,75,PEKAN KANCHONG DARAT,1030000430
10,SELANGOR,02,KUALA LANGAT,76,PEKAN KELANANG BATU ENAM,1030001623
10,SELANGOR,01,KLANG,71,PEKAN KAPAR,1030001655
10,SELANGOR,01,KLANG,73,PEKAN TELOK MENEGUN,1030001610
10,SELANGOR,01,KLANG,41,BANDAR PORT SWETTENHAM,1030000420
10,SELANGOR,02,KUALA LANGAT,40,BANDAR BANTING,1030001625
10,SELANGOR,02,KUALA LANGAT,41,BANDAR JENJAROM,1030000424
10,SELANGOR,02,KUALA LANGAT,44,BANDAR TELOK PANGLIMA GARANG,1030000426
10,SELANGOR,08,PETALING,43,BANDAR GLENMARIE,1030001633
10,SELANGOR,08,PETALING,02,DAMANSARA,1030001638
10,SELANGOR,01,KLANG,43,BANDAR SHAH ALAM,1030001613
10,SELANGOR,02,KUALA LANGAT,07,TELOK PANGLIMA GARANG,1030001628
10,SELANGOR,07,ULU SELANGOR,48,BANDAR ULU BERNAM II,1030001723
10,SELANGOR,01,KLANG,40,BANDAR KLANG,1030001629
10,SELANGOR,08,PETALING,91,PEKAN SUBANG,1030001726
10,SELANGOR,08,PETALING,87,PEKAN BARU SUNGAI BULOH,1030001609
10,SELANGOR,08,PETALING,42,BANDAR DAMANSARA,1030001727
10,SELANGOR,08,PETALING,79,PEKAN DESA PUCHONG,1030000473
10,SELANGOR,09,GOMBAK,45,BANDAR KEPONG,1030001743
10,SELANGOR,09,GOMBAK,76,PEKAN SUNGAI BULOH,1030001924
10,SELANGOR,08,PETALING,90,PEKAN PUCHONG PERDANA,1030000475
10,SELANGOR,06,ULU LANGAT,47,BANDAR BARU BANGI,1030001925
10,SELANGOR,08,PETALING,92,PEKAN SUBANG JAYA,1030001635
10,SELANGOR,08,PETALING,48,BANDAR SUNWAY,1030000471
10,SELANGOR,08,PETALING,78,PEKAN COUNTRY HEIGHT,1030001634
10,SELANGOR,08,PETALING,47,BANDAR SUBANG JAYA,1030000470
10,SELANGOR,09,GOMBAK,77,PEKAN TEMPLER,1030001706
10,SELANGOR,10,SEPANG,41,BANDAR BARU BANGI,1030000481
10,SELANGOR,10,SEPANG,42,BANDAR BARU SALAK TINGGI,1030001644
10,SELANGOR,10,SEPANG,43,BANDAR LAPANGAN TERBANG ANTARABANGSA SEPANG,1030000482
10,SELANGOR,10,SEPANG,44,BANDAR SUNGAI MERAB,1030001643
10,SELANGOR,10,SEPANG,70,PEKAN DENGKIL,1030001641
10,SELANGOR,10,SEPANG,71,PEKAN SALAK,1030000630
10,SELANGOR,10,SEPANG,74,PEKAN BATU 1 SEPANG,1030000485
10,SELANGOR,09,GOMBAK,46,BANDAR KUNDANG,1030001718
10,SELANGOR,09,GOMBAK,48,BANDAR SUNGAI BULOH,1030001704
10,SELANGOR,09,GOMBAK,49,BANDAR SUNGAI PUSU,1030001744
10,SELANGOR,09,GOMBAK,72,PEKAN BATU 20,1030000477
10,SELANGOR,09,GOMBAK,73,PEKAN KUANG,1030001707
10,SELANGOR,09,GOMBAK,74,PEKAN MIMALAND,1030000478
10,SELANGOR,09,GOMBAK,75,PEKAN PENGKALAN KUNDANG,1030000479
10,SELANGOR,08,PETALING,45,BANDAR SAUJANA,1030001614
10,SELANGOR,08,PETALING,75,PEKAN SUNGAI BULOH,1030001705
10,SELANGOR,08,PETALING,77,PEKAN CEMPAKA,1030001728
10,SELANGOR,08,PETALING,80,PEKAN HICOM,1030001612
10,SELANGOR,08,PETALING,81,PEKAN KAYU ARA,1030001731
10,SELANGOR,08,PETALING,85,PEKAN BARU SUBANG,1030001722
10,SELANGOR,08,PETALING,88,PEKAN PENAGA,1030000474
10,SELANGOR,06,ULU LANGAT,93,PEKAN SUNGAI MAKAU,1030001697
10,SELANGOR,07,ULU SELANGOR,46,BANDAR BATANG KALI,1030000469
10,SELANGOR,07,ULU SELANGOR,49,BANDAR SUNGAI CHIK,1030001701
10,SELANGOR,07,ULU SELANGOR,71,PEKAN PERETAK,1030001698
10,SELANGOR,06,ULU LANGAT,85,PEKAN KAMPONG PASIR BATU 14 SEMENYIH,1030001559
10,SELANGOR,06,ULU LANGAT,86,PEKAN KAMPONG SUNGAI TANGKAS,1030001649
10,SELANGOR,06,ULU LANGAT,87,PEKAN RUMAH MURAH SUNGAI LUI,1030000463
10,SELANGOR,06,ULU LANGAT,88,PEKAN SEMENYIH,1030001651
10,SELANGOR,06,ULU LANGAT,89,PEKAN SIMPANG BALAK,1030000464
10,SELANGOR,06,ULU LANGAT,90,PEKAN SRI NANDING,1030001693
10,SELANGOR,06,ULU LANGAT,91,PEKAN SUNGAI KEMBONG BERANANG,1030001646
10,SELANGOR,06,ULU LANGAT,92,PEKAN SUNGAI LUI,1030000465
10,SELANGOR,06,ULU LANGAT,80,PEKAN BUKIT SUNGAI RAYA,1030000460
10,SELANGOR,06,ULU LANGAT,82,PEKAN DESA RAYA,1030000461
10,SELANGOR,06,ULU LANGAT,83,PEKAN DUSUN TUA ULU LANGAT,1030000462
10,SELANGOR,06,ULU LANGAT,84,PEKAN KAJANG,1030001694
10,SELANGOR,06,ULU LANGAT,46,BANDAR BALAKONG,1030000454
10,SELANGOR,06,ULU LANGAT,49,BANDAR BATU 18 SEMENYIH,1030001654
10,SELANGOR,06,ULU LANGAT,50,BANDAR BATU 26 BERANANG,1030000457
10,SELANGOR,06,ULU LANGAT,75,PEKAN TARUN,1030000492
10,SELANGOR,06,ULU LANGAT,77,PEKAN BATU 18 ULU LANGAT,1030000458
10,SELANGOR,06,ULU LANGAT,78,PEKAN BATU 23 SUNGAI LALANG,1030000459
10,SELANGOR,06,ULU LANGAT,79,PEKAN BATU 26 BERANANG,1030000414
10,SELANGOR,04,KUALA SELANGOR,84,PEKAN SUNGAI SEMBILANG,1030000440
10,SELANGOR,04,KUALA SELANGOR,85,PEKAN TAMAN PKNS,1030000411
10,SELANGOR,04,KUALA SELANGOR,86,PEKAN TAMBAK JAWA,1030001659
10,SELANGOR,05,SABAK BERNAM,70,PEKAN BAGAN TERAP,1030000441
10,SELANGOR,05,SABAK BERNAM,71,PEKAN PARIT ENAM,1030000442
10,SELANGOR,05,SABAK BERNAM,72,PEKAN PARIT SEMBILAN,1030000419
10,SELANGOR,05,SABAK BERNAM,74,PEKAN SIMPANG LIMA,1030000613
10,SELANGOR,05,SABAK BERNAM,77,PEKAN SUNGAI SEPINTAS,1030000446
10,SELANGOR,05,SABAK BERNAM,78,PEKAN BAGAN NAKHODA OMAR,1030000447
10,SELANGOR,05,SABAK BERNAM,79,PEKAN PARIT BARU,1030000448
10,SELANGOR,05,SABAK BERNAM,80,PEKAN PASIR PANJANG,1030001926
10,SELANGOR,05,SABAK BERNAM,81,PEKAN SEKINCHAN SITE A,1030000412
10,SELANGOR,05,SABAK BERNAM,82,PEKAN SUNGAI BESAR,1030000450
10,SELANGOR,05,SABAK BERNAM,83,PEKAN SUNGAI HAJI DORANI,1030000451
10,SELANGOR,06,ULU LANGAT,45,BANDAR COUNTRY HEIGHT,1030000453
10,SELANGOR,01,KLANG,70,PEKAN BUKIT KEMUNING,1030001611
10,SELANGOR,01,KLANG,75,PEKAN PANDAMARAN,1030000423
10,SELANGOR,02,KUALA LANGAT,42,BANDAR SIJANGKANG,1030000425
10,SELANGOR,02,KUALA LANGAT,79,PEKAN SIJANGKANG,1030000407
10,SELANGOR,04,KUALA SELANGOR,77,PEKAN SIMPANG TIGA,1030001658
10,SELANGOR,04,KUALA SELANGOR,79,PEKAN BUKIT BELIMBING,1030000437
10,SELANGOR,04,KUALA SELANGOR,80,PEKAN BUKIT TALANG,1030000438
10,SELANGOR,04,KUALA SELANGOR,82,PEKAN PARIT MAHANG,1030000410
10,SELANGOR,04,KUALA SELANGOR,83,PEKAN SIMPANG TIGA IJOK,1030000439
10,SELANGOR,07,ULU SELANGOR,12,SUNGAI GUMUT,1030001715
10,SELANGOR,07,ULU SELANGOR,13,SUNGAI TINGGI,1030001699
10,SELANGOR,08,PETALING,01,BUKIT RAJA,1030001656
10,SELANGOR,09,GOMBAK,03,RAWANG,1030001720
10,SELANGOR,10,SEPANG,02,LABU,1030001927
10,SELANGOR,02,KUALA LANGAT,06,TANJONG DUA BELAS,1030001657
10,SELANGOR,08,PETALING,04,SUNGAI BULOH,1030001730
10,SELANGOR,07,ULU SELANGOR,02,BULOH TELOR,1030001712
10,SELANGOR,07,ULU SELANGOR,03,AMPANG PECHAH,1030001711
10,SELANGOR,07,ULU SELANGOR,05,ULU YAM,1030001709
10,SELANGOR,07,ULU SELANGOR,06,KALUMPANG,1030001716
10,SELANGOR,07,ULU SELANGOR,08,KUALA KALUMPANG,1030000466
10,SELANGOR,04,KUALA SELANGOR,05,IJOK,1030001667
10,SELANGOR,04,KUALA SELANGOR,08,PASANGAN,1030000408
10,SELANGOR,02,KUALA LANGAT,01,BANDAR,1030001928
10,SELANGOR,04,KUALA SELANGOR,10,BESTARI JAYA,1030001665
10,SELANGOR,04,KUALA SELANGOR,04,ULU TINGGI,1030000434
11,TERENGGANU,01,BESUT,08,KAMPUNG RAJA,1030000675
11,TERENGGANU,01,BESUT,10,KERANDANG,1030000676
11,TERENGGANU,01,BESUT,12,KUBANG BEMBAN,1030001060
11,TERENGGANU,01,BESUT,13,LUBUK KAWAH,1030000678
11,TERENGGANU,01,BESUT,15,PASIR AKAR,1030000679
11,TERENGGANU,01,BESUT,70,PEKAN JERTIH,1030000680
11,TERENGGANU,02,DUNGUN,02,BESUL,1030000682
11,TERENGGANU,02,DUNGUN,03,HULU PAKA,1030000683
11,TERENGGANU,02,DUNGUN,05,JERANGAU,1030000684
11,TERENGGANU,02,DUNGUN,08,KUMPAL,1030000685
11,TERENGGANU,04,KUALA TERENGGANU,06,BUKIT BESAR,1030000687
11,TERENGGANU,04,KUALA TERENGGANU,11,GELUGUR RAJA,1030000688
11,TERENGGANU,04,KUALA TERENGGANU,17,LOSONG,1030000689
11,TERENGGANU,05,HULU TERENGGANU,01,HULU BERANG,1030000690
11,TERENGGANU,05,HULU TERENGGANU,08,TANGGUL,1030000691
11,TERENGGANU,06,MARANG,06,BUKIT PAYUNG,1030000692
11,TERENGGANU,01,BESUT,71,PEKAN KAMPUNG RAJA,1030000694
11,TERENGGANU,02,DUNGUN,10,RASAU,1030000695
11,TERENGGANU,03,KEMAMAN,03,BINJAI,1030001115
11,TERENGGANU,03,KEMAMAN,05,HULU CUKAI,1030000697
11,TERENGGANU,03,KEMAMAN,10,PASIR SEMUT,1030000698
11,TERENGGANU,03,KEMAMAN,40,BANDAR CUKAI,1030000699
11,TERENGGANU,03,KEMAMAN,70,PEKAN AIR JERNIH,1030000700
11,TERENGGANU,04,KUALA TERENGGANU,02,ATAS TOL,1030000701
11,TERENGGANU,04,KUALA TERENGGANU,08,CABANG TIGA,1030000703
11,TERENGGANU,04,KUALA TERENGGANU,10,GELUGUR KEDAI,1030000704
11,TERENGGANU,04,KUALA TERENGGANU,13,KEPUNG,1030000705
11,TERENGGANU,04,KUALA TERENGGANU,16,KUBANG PARIT,1030000707
11,TERENGGANU,04,KUALA TERENGGANU,20,PALUH,1030000709
11,TERENGGANU,04,KUALA TERENGGANU,21,PENGADANG BULUH,1030000710
11,TERENGGANU,04,KUALA TERENGGANU,24,RENGAS,1030000711
11,TERENGGANU,04,KUALA TERENGGANU,25,SERADA,1030000712
11,TERENGGANU,04,KUALA TERENGGANU,71,PEKAN CABANG TIGA,1030000714
11,TERENGGANU,05,HULU TERENGGANU,02,HULU TELEMUNG,1030000715
11,TERENGGANU,05,HULU TERENGGANU,04,JENAGUR,1030000716
11,TERENGGANU,05,HULU TERENGGANU,05,KUALA BERANG,1030000717
11,TERENGGANU,05,HULU TERENGGANU,06,KUALA TELEMUNG,1030000718
11,TERENGGANU,05,HULU TERENGGANU,07,PENGHULU DIMAN,1030000719
11,TERENGGANU,05,HULU TERENGGANU,09,TERSAT,1030000720
11,TERENGGANU,05,HULU TERENGGANU,70,PEKAN KUALA BERANG,1030000721
11,TERENGGANU,06,MARANG,01,JERUNG,1030000722
11,TERENGGANU,06,MARANG,05,ALUR LIMBAT,1030000723
11,TERENGGANU,06,MARANG,71,PEKAN BUKIT PAYUNG,1030000724
11,TERENGGANU,01,BESUT,01,BUKIT KENAK,1030000730
14,WILAYAH PERSEKUTUAN KUALA LUMPUR,01,KUALA LUMPUR,66,BANDAR BAHARU SUNGAI BESI,1030001288
14,WILAYAH PERSEKUTUAN KUALA LUMPUR,01,KUALA LUMPUR,70,PEKAN BATU,1030001349
14,WILAYAH PERSEKUTUAN KUALA LUMPUR,01,KUALA LUMPUR,72,PEKAN KEPONG,1030001291
14,WILAYAH PERSEKUTUAN KUALA LUMPUR,01,KUALA LUMPUR,73,PEKAN KUALA PAUH,1030001292
14,WILAYAH PERSEKUTUAN KUALA LUMPUR,01,KUALA LUMPUR,74,PEKAN PETALING,1030001930
14,WILAYAH PERSEKUTUAN KUALA LUMPUR,01,KUALA LUMPUR,75,PEKAN SALAK SOUTH,1030001294
04,MELAKA,01,MELAKA TENGAH,07,BUKIT BARU,1030000087
04,MELAKA,01,MELAKA TENGAH,08,BUKIT KATIL,1030000088
04,MELAKA,01,MELAKA TENGAH,09,BUKIT LINTANG,1030000089
04,MELAKA,01,MELAKA TENGAH,17,KLEBANG KECHIL,1030001595
04,MELAKA,01,MELAKA TENGAH,02,AYER MOLEK,1030000092
04,MELAKA,01,MELAKA TENGAH,24,SEMABOK,1030000093
04,MELAKA,01,MELAKA TENGAH,70,PEKAN AYER MOLEK,1030000094
04,MELAKA,02,JASIN,01,AYER PANAS,1030000096
04,MELAKA,02,JASIN,06,CHOHONG,1030000099
04,MELAKA,02,JASIN,16,SEMUJOK,1030000101
04,MELAKA,02,JASIN,75,PEKAN NYALAS,1030000102
04,MELAKA,03,ALOR GAJAH,03,BERINGIN,1030000103
04,MELAKA,03,ALOR GAJAH,05,DURIAN TUNGGAL,1030001600
04,MELAKA,03,ALOR GAJAH,16,PADANG SEBANG,1030000104
04,MELAKA,03,ALOR GAJAH,18,PEGOH,1030000105
04,MELAKA,03,ALOR GAJAH,27,SUNGEI PETAI,1030000107
04,MELAKA,03,ALOR GAJAH,30,TANJONG RIMAU,1030000110
04,MELAKA,03,ALOR GAJAH,40,BANDAR ALOR GAJAH,1030000112
04,MELAKA,02,JASIN,12,RIM,1030000115
04,MELAKA,03,ALOR GAJAH,01,AYER PA' ABAS,1030000117
04,MELAKA,03,ALOR GAJAH,02,BELIMBING,1030001931
04,MELAKA,03,ALOR GAJAH,06,GADEK,1030000120
04,MELAKA,03,ALOR GAJAH,07,KELEMAK,1030000121
04,MELAKA,03,ALOR GAJAH,11,LENDU,1030000122
04,MELAKA,03,ALOR GAJAH,12,MACHAP,1030000123
04,MELAKA,03,ALOR GAJAH,14,MALAKA PINDAH,1030000124
04,MELAKA,03,ALOR GAJAH,15,MELEKEK,1030000125
04,MELAKA,03,ALOR GAJAH,17,PARIT MELANA,1030000126
04,MELAKA,03,ALOR GAJAH,22,REMBIA,1030000129
04,MELAKA,03,ALOR GAJAH,26,SUNGEI BULOH,1030000131
04,MELAKA,01,MELAKA TENGAH,03,BACHANG,1030000132
04,MELAKA,01,MELAKA TENGAH,04,BALAI PANJANG,1030000133
04,MELAKA,01,MELAKA TENGAH,06,BERTAM,1030000134
04,MELAKA,01,MELAKA TENGAH,10,BUKIT PIATU,1030000135
04,MELAKA,01,MELAKA TENGAH,11,BUKIT RAMBAI,1030000136
04,MELAKA,01,MELAKA TENGAH,12,CHENG,1030000137
04,MELAKA,01,MELAKA TENGAH,14,UJONG PASIR,1030000138
04,MELAKA,01,MELAKA TENGAH,16,KLEBANG BESAR,1030000139
04,MELAKA,01,MELAKA TENGAH,18,KRUBONG,1030000140
04,MELAKA,01,MELAKA TENGAH,19,PADANG SEMABOK,1030000141
04,MELAKA,01,MELAKA TENGAH,21,PAYA RUMPUT,1030000142
04,MELAKA,02,JASIN,08,JUS,1030000143
04,MELAKA,01,MELAKA TENGAH,28,TANJONG MINYAK,1030000144
04,MELAKA,03,ALOR GAJAH,70,PEKAN DURIAN TUNGGAL,1030001599
04,MELAKA,03,ALOR GAJAH,71,PEKAN KUALA SG.BARU,1030000147
04,MELAKA,03,ALOR GAJAH,73,PEKAN REMBIA,1030000149
04,MELAKA,01,MELAKA TENGAH,40,BANDAR BUKIT BARU,1030000150
04,MELAKA,01,MELAKA TENGAH,22,PRINGGIT,1030000151
04,MELAKA,02,JASIN,09,KESANG,1030001932
04,MELAKA,02,JASIN,03,BUKIT SENGGEH,1030000153
04,MELAKA,01,MELAKA TENGAH,72,PEKAN BUKIT RAMBAI,1030000154
04,MELAKA,01,MELAKA TENGAH,73,PEKAN KANDANG,1030000155
04,MELAKA,01,MELAKA TENGAH,75,PEKAN PAYA RUMPUT,1030000156
04,MELAKA,01,MELAKA TENGAH,76,PEKAN SUNGEI UDANG,1030000157
04,MELAKA,01,MELAKA TENGAH,77,PEKAN TANGGA BATU,1030000158
04,MELAKA,02,JASIN,07,JASIN,1030000159
04,MELAKA,02,JASIN,40,BANDAR JASIN,1030000160
04,MELAKA,02,JASIN,41,BANDAR MERLIMAU,1030000161
04,MELAKA,02,JASIN,71,PEKAN BATANG MELAKA,1030000298
04,MELAKA,02,JASIN,72,PEKAN BEMBAN,1030000164
04,MELAKA,02,JASIN,73,PEKAN CHINCHIN,1030000165
04,MELAKA,02,JASIN,74,PEKAN KESANG PAJAK,1030000166
04,MELAKA,02,JASIN,76,PEKAN SELANDAR,1030001597
04,MELAKA,02,JASIN,77,PEKAN SEMPANG BEKOH,1030000167
04,MELAKA,02,JASIN,78,PEKAN SUNGEI RAMBAI,1030000168
04,MELAKA,01,MELAKA TENGAH,15,KANDANG,1030000091
04,MELAKA,01,MELAKA TENGAH,05,BATU BERENDAM,1030000086
04,MELAKA,01,MELAKA TENGAH,71,PEKAN BATU BERENDAM,1030000095
04,MELAKA,01,MELAKA TENGAH,13,DUYONG,1030000090
04,MELAKA,03,ALOR GAJAH,24,SUNGEI BARU ULU,1030000130
04,MELAKA,02,JASIN,05,CHIN CHIN,1030000098
04,MELAKA,03,ALOR GAJAH,72,PEKAN LUBOK CHINA,1030000226
01,JOHOR,05,MERSING,08,PULAU PEMANGGIL,1030001547
01,JOHOR,05,MERSING,06,PULAU AUR,1030001548
01,JOHOR,05,MERSING,43,BANDAR PADANG ENDAU,1030000083
02,KEDAH,08,BALING,06,SIONG,1030001019
02,KEDAH,08,BALING,03,BONGOR,1030001018
02,KEDAH,08,BALING,04,KUPANG,1030001016
02,KEDAH,09,KULIM,73,PEKAN MAHANG,1030001012
02,KEDAH,09,KULIM,07,MAHANG,1030001014
02,KEDAH,10,BANDAR BAHARU,06,SUNGAI BATU,1030001013
02,KEDAH,10,BANDAR BAHARU,02,KUALA SELAMA,1030001009
02,KEDAH,10,BANDAR BAHARU,05,SERDANG,1030001099
08,PERAK,04,KERIAN,01,BAGAN SERAI,1030000668
08,PERAK,04,KERIAN,42,BANDAR PARIT BUNTAR,1030000669
08,PERAK,04,KERIAN,06,PARIT BUNTAR,1030000672
07,PULAU PINANG,03,SEBERANG PERAI SELATAN,09,MUKIM 9,1030000793
02,KEDAH,10,BANDAR BAHARU,40,BANDAR BANDAR BAHARU,1030001006
02,KEDAH,10,BANDAR BAHARU,03,PERMATANG PASIR,1030001004
02,KEDAH,10,BANDAR BAHARU,01,BAGAN SAMAK,1030001008
02,KEDAH,10,BANDAR BAHARU,72,PEKAN SUNGAI KECIL ILIR,1030001001
07,PULAU PINANG,03,SEBERANG PERAI SELATAN,06,MUKIM 6,1030001936
02,KEDAH,10,BANDAR BAHARU,07,SUNGAI KECIL,1030001005
07,PULAU PINANG,03,SEBERANG PERAI SELATAN,05,MUKIM 5,1030001937
02,KEDAH,10,BANDAR BAHARU,04,RELAU,1030000998
02,KEDAH,09,KULIM,70,PEKAN JUNJONG,1030001000
07,PULAU PINANG,01,SEBERANG PERAI TENGAH,16,MUKIM 16,1030001938
02,KEDAH,09,KULIM,02,JUNJONG,1030001002
02,KEDAH,09,KULIM,12,SIDAM KANAN,1030000995
02,KEDAH,05,KUALA MUDA,09,PINANG TUNGGAL,1030000991
02,KEDAH,05,KUALA MUDA,08,PEKULA,1030000988
02,KEDAH,05,KUALA MUDA,10,RANTAU PANJANG,1030001275
02,KEDAH,05,KUALA MUDA,05,KOTA,1030001129
02,KEDAH,05,KUALA MUDA,73,PEKAN KOTA KUALA MUDA,1030001583
08,PERAK,08,HULU PERAK,02,BELUM,1030001020
03,KELANTAN,11,JELI,05,KALAI,1030001277
03,KELANTAN,11,JELI,01,BELIMBING,1030001087
03,KELANTAN,11,JELI,07,LUBOK BONGOR,1030001088
03,KELANTAN,11,JELI,02,BUNGA TANJONG,1030001245
03,KELANTAN,08,GUA MUSANG,03,ULU NENGGIRI,1030000655
03,KELANTAN,12,KECIL LOJING,01,BALAR,1030001841
03,KELANTAN,12,KECIL LOJING,04,HAU,1030001842
03,KELANTAN,12,KECIL LOJING,07,TUEL,1030001843
06,PAHANG,02,CAMERON HIGHLANDS,03,TANAH RATA,1030000402
06,PAHANG,02,CAMERON HIGHLANDS,02,RINGLET,1030000401
10,SELANGOR,07,ULU SELANGOR,04,ULU BERNAM,1030001673
08,PERAK,12,MUALLIM,01,HULU BERNAM BARAT,1030001670
10,SELANGOR,05,SABAK BERNAM,05,SUNGAI PANJANG,1030001671
10,SELANGOR,07,ULU SELANGOR,07,KERLING,1030001714
10,SELANGOR,07,ULU SELANGOR,09,PERETAK,1030001710
10,SELANGOR,07,ULU SELANGOR,10,RASA,1030001713
10,SELANGOR,09,GOMBAK,02,ULU KELANG,1030001688
10,SELANGOR,06,ULU LANGAT,04,ULU LANGAT,1030001685
05,NEGERI SEMBILAN,01,JELEBU,01,GLAMI LEMI,1030001677
10,SELANGOR,06,ULU LANGAT,05,ULU SEMENYIH,1030001696
10,SELANGOR,06,ULU LANGAT,07,SEMENYIH,1030001691
05,NEGERI SEMBILAN,05,SEREMBAN,70,PEKAN BROGA,1030000491
05,NEGERI SEMBILAN,05,SEREMBAN,43,BANDAR MANTIN UTAMA,1030000306
10,SELANGOR,06,ULU LANGAT,01,BERANANG,1030001650
10,SELANGOR,10,SEPANG,40,BANDAR SEPANG,1030001621
05,NEGERI SEMBILAN,03,PORT DICKSON,76,PEKAN BUKIT PELANDOK,1030001619
06,PAHANG,01,BENTONG,02,SABAI,1030000396
05,NEGERI SEMBILAN,01,JELEBU,04,KENABOI,1030001676
05,NEGERI SEMBILAN,01,JELEBU,08,TRIANG ILIR,1030000305
06,PAHANG,01,BENTONG,03,PELANGAI,1030000395
05,NEGERI SEMBILAN,07,JEMPOL,05,SERTING ULU,1030000302
06,PAHANG,11,BERA,12,TRIANG,1030000399
05,NEGERI SEMBILAN,07,JEMPOL,04,SERTING ILIR,1030000304
05,NEGERI SEMBILAN,07,JEMPOL,03,ROMPIN,1030001941
06,PAHANG,11,BERA,11,BERA,1030000398
05,NEGERI SEMBILAN,06,TAMPIN,02,GEMAS,1030001942
01,JOHOR,08,SEGAMAT,07,JEMENTAH,1030000054
04,MELAKA,02,JASIN,70,PEKAN ASAHAN,1030000162
04,MELAKA,02,JASIN,04,CHABAU,1030000097
01,JOHOR,22,TANGKAK,01,TANGKAK,1030000084
01,JOHOR,22,TANGKAK,05,KUNDANG,1030000085
04,MELAKA,02,JASIN,18,SUNGEI RAMBAI,1030000116
05,NEGERI SEMBILAN,03,PORT DICKSON,02,LINGGI,1030000287
04,MELAKA,03,ALOR GAJAH,20,RAMUAN CHINA BESAR,1030000128
04,MELAKA,03,ALOR GAJAH,21,RAMUAN CHINA KECHIL,1030000106
04,MELAKA,03,ALOR GAJAH,28,SUNGEI SIPUT,1030000108
05,NEGERI SEMBILAN,04,REMBAU,17,TITIAN BINTANGOR,1030000288
04,MELAKA,03,ALOR GAJAH,04,BRISU,1030000119
04,MELAKA,03,ALOR GAJAH,29,TABOH NANING,1030000109
05,NEGERI SEMBILAN,04,REMBAU,14,SEMERBOK,1030000290
05,NEGERI SEMBILAN,04,REMBAU,78,PEKAN SERI KENDONG,1030000289
05,NEGERI SEMBILAN,06,TAMPIN,74,PEKAN TAMPIN TENGAH,1030000291
05,NEGERI SEMBILAN,06,TAMPIN,41,BANDAR TAMPIN,1030000292
04,MELAKA,03,ALOR GAJAH,42,BANDAR PULAU SEBANG,1030000114
05,NEGERI SEMBILAN,06,TAMPIN,06,TAMPIN TENGAH,1030000294
04,MELAKA,03,ALOR GAJAH,19,PULAU SEBANG,1030000127
05,NEGERI SEMBILAN,06,TAMPIN,04,KERU,1030000296
04,MELAKA,03,ALOR GAJAH,08,KEMUNING,1030000145
05,NEGERI SEMBILAN,06,TAMPIN,07,TEBONG,1030001944
05,NEGERI SEMBILAN,06,TAMPIN,03,GEMENCHEH,1030000297
04,MELAKA,02,JASIN,11,NYALAS,1030000100
04,MELAKA,02,JASIN,02,BATANG MALAKA,1030001553
05,NEGERI SEMBILAN,06,TAMPIN,01,AYER KUNING,1030000300
01,JOHOR,08,SEGAMAT,01,BEKOK,1030000073
06,PAHANG,09,ROMPIN,01,ENDAU,1030001410
11,TERENGGANU,03,KEMAMAN,72,PEKAN KEMASIK,1030001432
03,KELANTAN,05,PASIR PUTEH,31,SEMERAK,1030001440
11,TERENGGANU,03,KEMAMAN,06,HULU JABUR,1030000733
06,PAHANG,04,KUANTAN,02,ULU KUANTAN,1030000405
11,TERENGGANU,03,KEMAMAN,01,BANDI,1030000732
11,TERENGGANU,02,DUNGUN,09,PASIR RAJA,1030000737
11,TERENGGANU,02,DUNGUN,04,JENGAI,1030000734
06,PAHANG,03,JERANTUT,03,ULU TEMBELING,1030000406
06,PAHANG,03,JERANTUT,10,TEMBELING,1030000404
03,KELANTAN,08,GUA MUSANG,04,KETIL,1030001269
03,KELANTAN,08,GUA MUSANG,07,PULAI,1030001015
03,KELANTAN,12,KECIL LOJING,03,BLAU,1030001844
03,KELANTAN,12,KECIL LOJING,05,HENDROP,1030001845
03,KELANTAN,12,KECIL LOJING,06,SIGAR,1030001846
03,KELANTAN,10,KUALA KRAI,16,MANJOR,1030000660
11,TERENGGANU,05,HULU TERENGGANU,03,HULU TERENGGANU,1030000735
03,KELANTAN,10,KUALA KRAI,04,GAJAH,1030000659
03,KELANTAN,10,KUALA KRAI,15,MANEK URAI,1030001261
03,KELANTAN,10,KUALA KRAI,06,KENOR,1030001266
11,TERENGGANU,01,BESUT,21,TENANG,1030000739
03,KELANTAN,10,KUALA KRAI,03,ENGGONG,1030001264
03,KELANTAN,10,KUALA KRAI,17,TELEKONG,1030001570
11,TERENGGANU,01,BESUT,16,PELAGAT,1030000741
03,KELANTAN,05,PASIR PUTEH,16,GONG NANGKA,1030001267
03,KELANTAN,05,PASIR PUTEH,17,GONG PACHAT,1030000661
11,TERENGGANU,01,BESUT,02,BUKIT PETERI,1030000743
11,TERENGGANU,01,BESUT,17,PENGKALAN NANGKA,1030000742
03,KELANTAN,05,PASIR PUTEH,08,CHERANG RUKU,1030000662
06,PAHANG,10,MARAN,04,LUIT,1030000349
06,PAHANG,10,MARAN,40,BANDAR MARAN,1030000350
09,PERLIS,01,PERLIS,12,NGULANG,1030000815
09,PERLIS,01,PERLIS,13,ORAN,1030000816
09,PERLIS,01,PERLIS,11,KURONG BATANG,1030000814
09,PERLIS,01,PERLIS,22,WANG BINTONG,1030000825
09,PERLIS,01,PERLIS,19,SERIAB,1030000820
09,PERLIS,01,PERLIS,06,JEJAWI,1030001563
09,PERLIS,01,PERLIS,05,UTAN AJI,1030000811
09,PERLIS,01,PERLIS,20,SUNGAI ADAM,1030000821
09,PERLIS,01,PERLIS,02,ARAU,1030000823
09,PERLIS,01,PERLIS,04,CHUPING,1030000830
02,KEDAH,02,KUBANG PASU,47,BANDAR BUKIT KAYU HITAM,1030000984
09,PERLIS,01,PERLIS,15,PADANG SIDING,1030000832
02,KEDAH,02,KUBANG PASU,18,SUNGAI LAKA,1030000985
02,KEDAH,02,KUBANG PASU,42,BANDAR KODIANG,1030000986
02,KEDAH,02,KUBANG PASU,09,KEPELU,1030000987
02,KEDAH,02,KUBANG PASU,15,PERING,1030000842
02,KEDAH,01,KOTA SETAR,27,SUNGAI BAHARU,1030000875
09,PERLIS,01,PERLIS,10,KURONG ANAI,1030000831
02,KEDAH,05,KUALA MUDA,45,BANDAR SUNGAI LALANG,1030000981
07,PULAU PINANG,01,SEBERANG PERAI TENGAH,07,MUKIM 7,1030000798
07,PULAU PINANG,01,SEBERANG PERAI TENGAH,06,MUKIM 6,1030001947
02,KEDAH,09,KULIM,40,BANDAR KULIM,1030000999
08,PERAK,08,HULU PERAK,42,BANDAR PENGKALAN HULU,1030000544
08,PERAK,08,HULU PERAK,01,BELUKAR SEMANG,1030000664
08,PERAK,08,HULU PERAK,07,KERUNAI,1030000663
02,KEDAH,08,BALING,01,BAKAI,1030001011
08,PERAK,09,SELAMA,02,HULU SELAMA,1030000670
08,PERAK,09,SELAMA,01,HULU IJOK,1030000673
08,PERAK,08,HULU PERAK,05,KENERING,1030000665
08,PERAK,08,HULU PERAK,03,DURIAN PIPIT,1030000502
08,PERAK,05,KUALA KANGSAR,06,PULAU KAMIRI,1030000619
08,PERAK,04,KERIAN,04,GUNONG SEMANGGOL,1030000608
08,PERAK,06,LARUT MATANG DAN SELAMA,02,BATU KURAU,1030000494
02,KEDAH,10,BANDAR BAHARU,71,PEKAN SELAMA,1030001010
08,PERAK,09,SELAMA,03,SELAMA,1030000667
08,PERAK,03,KINTA,06,TANJONG TUALANG,1030000588
08,PERAK,11,KAMPAR,71,PEKAN MALIM NAWAR,1030000606
08,PERAK,11,KAMPAR,41,BANDAR KAMPAR,1030000595
08,PERAK,01,BATANG PADANG,70,PEKAN AYER KUNING,1030000569
08,PERAK,01,BATANG PADANG,71,PEKAN BANIR,1030000505
08,PERAK,01,BATANG PADANG,03,CHENDERIANG,1030001564
08,PERAK,11,KAMPAR,01,KAMPAR,1030000640
14,WILAYAH PERSEKUTUAN KUALA LUMPUR,01,KUALA LUMPUR,71,PEKAN BATU CAVES,1030001290
10,SELANGOR,10,SEPANG,75,PEKAN BUKIT BISA,1030001817
16,WILAYAH PERSEKUTUAN PUTRAJAYA,01,PUTRAJAYA,40,BANDAR PUTRAJAYA,1030001818
10,SELANGOR,08,PETALING,46,BANDAR SRI DAMANSARA,1030001287
10,SELANGOR,08,PETALING,76,PEKAN SUNGAI PENCHALA,1030001732
14,WILAYAH PERSEKUTUAN KUALA LUMPUR,01,KUALA LUMPUR,76,PEKAN SG. PENCHALA,1030001295
14,WILAYAH PERSEKUTUAN KUALA LUMPUR,01,KUALA LUMPUR,55,BANDAR PETALING JAYA,1030001950
10,SELANGOR,08,PETALING,40,BANDAR PETALING JAYA,1030001735
10,SELANGOR,08,PETALING,44,BANDAR PETALING JAYA SELATAN,1030001636
10,SELANGOR,08,PETALING,89,PEKAN PUCHONG JAYA,1030001637
10,SELANGOR,08,PETALING,82,PEKAN KINRARA,1030001736
10,SELANGOR,08,PETALING,03,PETALING,1030001951
10,SELANGOR,08,PETALING,74,PEKAN SERDANG,1030001738
10,SELANGOR,08,PETALING,86,PEKAN BARU SUNGAI BESI,1030001739
10,SELANGOR,06,ULU LANGAT,02,CHERAS,1030001952
14,WILAYAH PERSEKUTUAN KUALA LUMPUR,01,KUALA LUMPUR,06,PETALING,1030001740
10,SELANGOR,06,ULU LANGAT,81,PEKAN CHERAS,1030001742
14,WILAYAH PERSEKUTUAN KUALA LUMPUR,01,KUALA LUMPUR,03,CHERAS,1030001741
10,SELANGOR,06,ULU LANGAT,03,AMPANG,1030001953
14,WILAYAH PERSEKUTUAN KUALA LUMPUR,01,KUALA LUMPUR,05,KUALA LUMPUR,1030001734
10,SELANGOR,06,ULU LANGAT,44,BANDAR AMPANG,1030001681
14,WILAYAH PERSEKUTUAN KUALA LUMPUR,01,KUALA LUMPUR,44,BANDAR KUALA LUMPUR,1030001682
14,WILAYAH PERSEKUTUAN KUALA LUMPUR,01,KUALA LUMPUR,01,AMPANG,1030001680
10,SELANGOR,09,GOMBAK,43,BANDAR GOMBAK SETIA,1030001687
10,SELANGOR,09,GOMBAK,04,SETAPAK,1030001954
10,SELANGOR,09,GOMBAK,47,BANDAR SELAYANG,1030001747
10,SELANGOR,06,ULU LANGAT,06,KAJANG,1030001695
05,NEGERI SEMBILAN,05,SEREMBAN,08,SETUL,1030000310
05,NEGERI SEMBILAN,05,SEREMBAN,04,PANTAI,1030001437
05,NEGERI SEMBILAN,01,JELEBU,02,ULU KLAWANG,1030000197
05,NEGERI SEMBILAN,01,JELEBU,03,ULU TRIANG,1030001678
05,NEGERI SEMBILAN,05,SEREMBAN,03,LENGGENG,1030000307
05,NEGERI SEMBILAN,05,SEREMBAN,71,PEKAN ULU BERANANG,1030000234
05,NEGERI SEMBILAN,05,SEREMBAN,06,RASAH,1030001956
05,NEGERI SEMBILAN,05,SEREMBAN,82,PEKAN RAHANG BARU,1030001603
05,NEGERI SEMBILAN,05,SEREMBAN,05,RANTAU,1030000232
05,NEGERI SEMBILAN,05,SEREMBAN,02,LABU,1030001601
05,NEGERI SEMBILAN,05,SEREMBAN,47,BANDAR SRI SENDAYAN,1030001848
04,MELAKA,03,ALOR GAJAH,41,BANDAR MASJID TANAH,1030000113
04,MELAKA,03,ALOR GAJAH,13,MASJID TANAH,1030000146
01,JOHOR,08,SEGAMAT,04,GEMAS,1030000299
05,NEGERI SEMBILAN,06,TAMPIN,40,BANDAR GEMAS,1030000301
05,NEGERI SEMBILAN,03,PORT DICKSON,71,PEKAN PASIR PANJANG,1030000449
04,MELAKA,02,JASIN,14,SELANDAR,1030001598
04,MELAKA,03,ALOR GAJAH,31,TEBONG,1030000295
11,TERENGGANU,04,KUALA TERENGGANU,26,TOK JAMAL,1030000713
03,KELANTAN,05,PASIR PUTEH,20,KANDIS,1030001262
08,PERAK,07,HILIR PERAK,05,LABU KUBONG,1030000528
08,PERAK,01,BATANG PADANG,01,BATANG PADANG,1030000639
08,PERAK,05,KUALA KANGSAR,08,SENGGANG,1030000620
08,PERAK,10,PERAK TENGAH,02,BELANJA,1030000632
08,PERAK,05,KUALA KANGSAR,09,SUNGAI SIPUT,1030000645
10,SELANGOR,01,KLANG,42,BANDAR SULTAN SULAIMAN,1030001812
01,JOHOR,02,JOHOR BAHRU,06,SUNGAI TIRAM,1030001401
01,JOHOR,04,KOTA TINGGI,10,TANJUNG SURAT,1030001404
03,KELANTAN,01,BACHOK,20,REPEK,1030001441
03,KELANTAN,01,BACHOK,22,SENAK,1030001447
08,PERAK,06,LARUT MATANG DAN SELAMA,09,SUNGAI TINGGI,1030001981
08,PERAK,06,LARUT MATANG DAN SELAMA,10,TERUNG,1030001334
08,PERAK,06,LARUT MATANG DAN SELAMA,04,JEBONG,1030001549
08,PERAK,04,KERIAN,07,SELINSING,1030001332
07,PULAU PINANG,01,SEBERANG PERAI TENGAH,12,MUKIM 12,1030001984
02,KEDAH,06,YAN,01,DULANG,1030001309
02,KEDAH,06,YAN,02,SALA BESAR,1030001306
02,KEDAH,01,KOTA SETAR,26,SALA KECHIK,1030001308
02,KEDAH,01,KOTA SETAR,12,KANGKONG,1030001305
02,KEDAH,01,KOTA SETAR,29,TEBENGAU,1030001310
02,KEDAH,01,KOTA SETAR,43,BANDAR KUALA KEDAH,1030001303
02,KEDAH,01,KOTA SETAR,15,KUBANG ROTAN,1030001304
02,KEDAH,01,KOTA SETAR,23,PADANG LALANG,1030001302
02,KEDAH,02,KUBANG PASU,07,JERLUN,1030001299
09,PERLIS,01,PERLIS,07,KAYANG,1030001296
02,KEDAH,04,LANGKAWI,41,BANDAR PADANG MAT SIRAT,1030001474
03,KELANTAN,07,TUMPAT,05,CHERANG MELINTANG,1030001227
14,WILAYAH PERSEKUTUAN KUALA LUMPUR,01,KUALA LUMPUR,07,SETAPAK,1030001746
14,WILAYAH PERSEKUTUAN KUALA LUMPUR,01,KUALA LUMPUR,04,HULU KELANG,1030001683
01,JOHOR,08,SEGAMAT,70,PEKAN GEMAS BAHRU,1030002002
03,KELANTAN,07,TUMPAT,17,PERIOK,1030002003
10,SELANGOR,05,SABAK BERNAM,73,PEKAN SEKINCHAN,1030001668
10,SELANGOR,05,SABAK BERNAM,03,PASIR PANJANG,1030001922
10,SELANGOR,04,KUALA SELANGOR,03,UJONG PERMATANG,1030001345
10,SELANGOR,04,KUALA SELANGOR,78,PEKAN TANJONG KARANG,1030000409
10,SELANGOR,04,KUALA SELANGOR,07,KUALA SELANGOR,1030001663
10,SELANGOR,04,KUALA SELANGOR,01,API-API,1030001815
10,SELANGOR,04,KUALA SELANGOR,73,PEKAN JERAM,1030001346
10,SELANGOR,04,KUALA SELANGOR,06,JERAM,1030001920
10,SELANGOR,02,KUALA LANGAT,04,KELANANG,1030001810
10,SELANGOR,02,KUALA LANGAT,77,PEKAN MORIB,1030001347
10,SELANGOR,02,KUALA LANGAT,05,MORIB,1030001809
10,SELANGOR,02,KUALA LANGAT,02,BATU,1030001923
10,SELANGOR,02,KUALA LANGAT,43,BANDAR TANJONG SEPAT,1030001348
10,SELANGOR,10,SEPANG,03,SEPANG,1030001807
10,SELANGOR,05,SABAK BERNAM,04,SABAK,1030001940
15,WILAYAH PERSEKUTUAN LABUAN,01,LABUAN,29,BANDAR LABUAN,1030001769
08,PERAK,04,KERIAN,02,BAGAN TIANG,1030001330
08,PERAK,04,KERIAN,08,TANJONG PIANDANG,1030001331
08,PERAK,04,KERIAN,05,KUALA KURAU,1030001329
02,KEDAH,06,YAN,72,PEKAN SUNGAI LIMAU DALAM,1030001313
02,KEDAH,06,YAN,41,BANDAR YAN,1030001307
10,SELANGOR,05,SABAK BERNAM,01,BAGAN NAKHODA OMAR,1030001340
10,SELANGOR,04,KUALA SELANGOR,09,TANJONG KARANG,1030001344
11,TERENGGANU,04,KUALA TERENGGANU,14,KUALA IBAI,1030000706
11,TERENGGANU,04,KUALA TERENGGANU,03,BATU BURUK,1030001823
03,KELANTAN,07,TUMPAT,27,TUMPAT,1030001457
03,KELANTAN,07,TUMPAT,25,TELOK RENJUNA,1030001456
03,KELANTAN,07,TUMPAT,26,TUJOH,1030001458
03,KELANTAN,07,TUMPAT,06,GETING,1030001459
03,KELANTAN,07,TUMPAT,23,TABAR,1030001482
11,TERENGGANU,04,KUALA TERENGGANU,40,BANDAR KUALA TERENGGANU,1030001824
11,TERENGGANU,08,KUALA NERUS,03,PAKOH,1030000702
11,TERENGGANU,04,KUALA TERENGGANU,05,BELARA,1030002018
11,TERENGGANU,04,KUALA TERENGGANU,22,PULAU PULAU,1030001821
11,TERENGGANU,04,KUALA TERENGGANU,18,MANIR,1030000708
08,PERAK,07,HILIR PERAK,03,DURIAN SEBATANG,1030000498
10,SELANGOR,02,KUALA LANGAT,03,JUGRA,1030001811
10,SELANGOR,09,GOMBAK,44,BANDAR ULU KELANG,1030001684
02,KEDAH,05,KUALA MUDA,76,PEKAN TANJUNG DAWAI,1030001582
03,KELANTAN,02,KOTA BHARU,20,CHE LATIFF,1030001454
05,NEGERI SEMBILAN,03,PORT DICKSON,79,PEKAN SUNGAI MENYALA,1030001359
08,PERAK,08,HULU PERAK,10,TEMENGOR,1030001021
05,NEGERI SEMBILAN,03,PORT DICKSON,01,JIMAH,1030001620
01,JOHOR,22,TANGKAK,02,BUKIT SERAMPANG,1030002019
01,JOHOR,08,SEGAMAT,09,POGOH,1030001579
05,NEGERI SEMBILAN,03,PORT DICKSON,70,PEKAN LUKUT,1030001351
05,NEGERI SEMBILAN,03,PORT DICKSON,74,PEKAN PORT DICKSON,1030001353
05,NEGERI SEMBILAN,03,PORT DICKSON,04,PORT DICKSON,1030001352
05,NEGERI SEMBILAN,03,PORT DICKSON,40,BANDAR PORT DICKSON,1030001354
05,NEGERI SEMBILAN,03,PORT DICKSON,75,PEKAN TELOK KEMANG,1030001357
05,NEGERI SEMBILAN,03,PORT DICKSON,41,BANDAR TELOK KEMANG,1030001356
02,KEDAH,05,KUALA MUDA,06,KUALA,1030001318
07,PULAU PINANG,02,SEBERANG PERAI UTARA,04,MUKIM 4,1030001987
07,PULAU PINANG,04,TIMOR LAUT,01,MUKIM 13,1030001990
03,KELANTAN,02,KOTA BHARU,72,PULAU KUNDOR,1030001455
03,KELANTAN,02,KOTA BHARU,04,BADANG,1030001453
03,KELANTAN,02,KOTA BHARU,73,PULAU PANJANG,1030001152
03,KELANTAN,02,KOTA BHARU,82,TEBING TINGGI,1030001222
03,KELANTAN,02,KOTA BHARU,85,TELOK KITANG,1030001451
03,KELANTAN,02,KOTA BHARU,77,SEMUT API,1030001449
03,KELANTAN,02,KOTA BHARU,71,PULAU GAJAH,1030001448
03,KELANTAN,02,KOTA BHARU,75,SABAK,1030001450
11,TERENGGANU,02,DUNGUN,70,PEKAN KUALA PAKA,1030001431
11,TERENGGANU,01,BESUT,18,PULAU PERHENTIAN,1030001460
11,TERENGGANU,08,KUALA NERUS,04,PULAU REDANG,1030001831
11,TERENGGANU,03,KEMAMAN,12,TELUK KALUNG,1030001425
11,TERENGGANU,03,KEMAMAN,73,PEKAN KIJAL,1030001426
01,JOHOR,05,MERSING,07,PULAU BABI,1030001475
01,JOHOR,05,MERSING,10,PULAU TINGGI,1030001479
01,JOHOR,05,MERSING,09,PULAU SIBU,1030001480
05,NEGERI SEMBILAN,03,PORT DICKSON,80,PEKAN BAGAN PINANG,1030001355
05,NEGERI SEMBILAN,03,PORT DICKSON,05,SI RUSA,1030000211
02,KEDAH,04,LANGKAWI,01,AYER HANGAT,1030001827
02,KEDAH,06,YAN,04,SUNGAI DAUN,1030001311
02,KEDAH,06,YAN,05,YAN,1030001312
02,KEDAH,05,KUALA MUDA,02,BUKIT MERIAM,1030001828
08,PERAK,03,KINTA,04,SUNGAI RAYA,1030000641
06,PAHANG,02,CAMERON HIGHLANDS,01,ULU TELOM,1030000653
08,PERAK,11,KAMPAR,02,TEJA,1030000642
11,TERENGGANU,03,KEMAMAN,02,BANGGUL,1030000731
11,TERENGGANU,03,KEMAMAN,04,CUKAI,1030001423
01,JOHOR,04,KOTA TINGGI,04,KAMBAU,1030001408
01,JOHOR,04,KOTA TINGGI,08,SEDILI BESAR,1030001407
01,JOHOR,04,KOTA TINGGI,06,PANTAI TIMUR,1030001405
01,JOHOR,01,BATU PAHAT,05,LUBOK,1030001384
01,JOHOR,01,BATU PAHAT,01,BAGAN,1030001852
01,JOHOR,06,MUAR,15,SUNGAI BALANG,1030001385
10,SELANGOR,07,ULU SELANGOR,01,BATANG KALI,1030001703
06,PAHANG,09,ROMPIN,49,BANDAR TIOMAN,1030001604
06,PAHANG,09,ROMPIN,71,PEKAN TIOMAN,1030000348
05,NEGERI SEMBILAN,03,PORT DICKSON,03,PASIR PANJANG,1030001360
04,MELAKA,03,ALOR GAJAH,09,KUALA LINGGI,1030001550
04,MELAKA,03,ALOR GAJAH,10,KUALA SUNGEI BARU,1030001362
04,MELAKA,03,ALOR GAJAH,25,SUNGEI BARU TENGAH,1030001363
04,MELAKA,01,MELAKA TENGAH,25,SUNGEI UDANG,1030001596
04,MELAKA,01,MELAKA TENGAH,26,TANGGA BATU,1030001364
04,MELAKA,01,MELAKA TENGAH,20,PADANG TEMU,1030001369
04,MELAKA,01,MELAKA TENGAH,01,ALAI,1030001367
04,MELAKA,01,MELAKA TENGAH,29,TELOK MAS,1030001370
04,MELAKA,01,MELAKA TENGAH,23,PERNU,1030001371
04,MELAKA,02,JASIN,20,UMBAI,1030001373
04,MELAKA,02,JASIN,17,SERKAM,1030001372
04,MELAKA,02,JASIN,13,SEBATU,1030001378
04,MELAKA,02,JASIN,15,SEMPANG,1030001374
04,MELAKA,02,JASIN,19,TEDONG,1030001375
01,JOHOR,22,TANGKAK,06,KESANG,1030001377
01,JOHOR,06,MUAR,13,SRI MENANTI,1030001855
01,JOHOR,06,MUAR,12,PARIT JAWA,1030001382
01,JOHOR,06,MUAR,11,PARIT BAKAR,1030001381
01,JOHOR,06,MUAR,02,BANDAR,1030001850
01,JOHOR,06,MUAR,40,BANDAR BANDAR MAHARANI,1030001380
01,JOHOR,01,BATU PAHAT,12,SUNGAI KLUANG,1030001390
01,JOHOR,01,BATU PAHAT,13,SUNGAI PUNGGOR,1030001389
01,JOHOR,01,BATU PAHAT,03,KAMPUNG BAHRU,1030001388
01,JOHOR,01,BATU PAHAT,06,MINYAK BEKU,1030001387
01,JOHOR,07,PONTIAN,04,BENUT,1030001391
01,JOHOR,07,PONTIAN,03,API-API,1030001851
01,JOHOR,07,PONTIAN,01,AYER BALOI,1030001392
01,JOHOR,07,PONTIAN,41,BANDAR PONTIAN KECHIL,1030001395
01,JOHOR,07,PONTIAN,07,PONTIAN,1030001858
01,JOHOR,07,PONTIAN,08,RIMBA TERJUN,1030001396
01,JOHOR,07,PONTIAN,02,AIR MASIN,1030001397
01,JOHOR,02,JOHOR BAHRU,07,TANJUNG KUPANG,1030001399
01,JOHOR,07,PONTIAN,09,SERKAT,1030001398
01,JOHOR,02,JOHOR BAHRU,03,PULAI,1030001980
01,JOHOR,02,JOHOR BAHRU,40,BANDAR JOHOR BAHRU,1030001402
01,JOHOR,02,JOHOR BAHRU,02,PLENTONG,1030001400
01,JOHOR,05,MERSING,01,JEMALUANG,1030001838
01,JOHOR,05,MERSING,03,MERSING,1030001476
01,JOHOR,05,MERSING,41,BANDAR MERSING,1030001477
01,JOHOR,05,MERSING,13,TENGLU,1030001837
01,JOHOR,05,MERSING,05,PENYABONG,1030001836
01,JOHOR,05,MERSING,14,TRIANG,1030001835
01,JOHOR,05,MERSING,04,PADANG ENDAU,1030001834
06,PAHANG,09,ROMPIN,42,BANDAR ROMPIN II,1030001411
06,PAHANG,06,PEKAN,70,PEKAN KUALA PAHANG,1030002017
06,PAHANG,06,PEKAN,03,KUALA PAHANG,1030001417
11,TERENGGANU,01,BESUT,72,PEKAN KUALA BESUT,1030000681
11,TERENGGANU,08,KUALA NERUS,01,BATU RAKIT,1030000686
11,TERENGGANU,08,KUALA NERUS,02,KUALA NERUS,1030001822
11,TERENGGANU,04,KUALA TERENGGANU,09,CENERING,1030001436
11,TERENGGANU,06,MARANG,03,PULAU KERENGGA,1030001832
11,TERENGGANU,06,MARANG,02,MERCANG,1030001433
11,TERENGGANU,02,DUNGUN,01,KUALA ABANG,1030001434
11,TERENGGANU,02,DUNGUN,40,BANDAR DUNGUN,1030001782
11,TERENGGANU,02,DUNGUN,11,SURA,1030001430
11,TERENGGANU,02,DUNGUN,07,KUALA PAKA,1030001427
04,MELAKA,01,MELAKA TENGAH,41,BANDAR MELAKA,1030001368
07,PULAU PINANG,03,SEBERANG PERAI SELATAN,13,MUKIM 13,1030001983
07,PULAU PINANG,03,SEBERANG PERAI SELATAN,11,MUKIM 11,1030001982
07,PULAU PINANG,03,SEBERANG PERAI SELATAN,10,MUKIM 10,1030001948
01,JOHOR,04,KOTA TINGGI,07,PENGERANG,1030001403
02,KEDAH,06,YAN,75,PEKAN SINGKIR,1030001316
02,KEDAH,06,YAN,03,SINGKIR,1030001315
11,TERENGGANU,03,KEMAMAN,07,KEMASIK,1030001428
11,TERENGGANU,03,KEMAMAN,09,KIJAL,1030001424
06,PAHANG,09,ROMPIN,05,TIOMAN,1030001833
04,MELAKA,02,JASIN,10,MERLIMAU,1030001376
08,PERAK,02,MANJUNG,05,SITIAWAN,1030001336
08,PERAK,02,MANJUNG,04,PENGKALAN BAHARU,1030001335
11,TERENGGANU,03,KEMAMAN,08,KERTIH,1030001429
15,WILAYAH PERSEKUTUAN LABUAN,01,LABUAN,01,DESA,1030001847
02,KEDAH,04,LANGKAWI,04,KUAH,1030001826
02,KEDAH,04,LANGKAWI,42,BANDAR PADANG LALANG,1030001470
02,KEDAH,04,LANGKAWI,03,KEDAWANG,1030001825
10,SELANGOR,10,SEPANG,01,DENGKIL,1030001648
10,SELANGOR,10,SEPANG,45,BANDAR CYBERJAYA,1030002023
10,SELANGOR,07,ULU SELANGOR,43,BANDAR KUALA KUBU BAHARU,1030000467
04,MELAKA,03,ALOR GAJAH,23,SUNGEI BARU ILIR,1030001361
03,KELANTAN,07,TUMPAT,10,KETIL,1030001878
06,PAHANG,06,PEKAN,71,PEKAN NENASI,1030001415
06,PAHANG,06,PEKAN,01,BEBAR,1030001412
06,PAHANG,09,ROMPIN,43,BANDAR ROMPIN III,1030001413
06,PAHANG,09,ROMPIN,04,ROMPIN,1030001414
03,KELANTAN,07,TUMPAT,21,SIMPANGAN,1030002004
07,PULAU PINANG,04,TIMOR LAUT,44,BANDAR GEORGE TOWN,1030001551
07,PULAU PINANG,04,TIMOR LAUT,48,BANDAR TANJONG PINANG,1030001608
07,PULAU PINANG,04,TIMOR LAUT,47,BANDAR TANJONG TOKONG,1030001607
07,PULAU PINANG,04,TIMOR LAUT,46,BANDAR TANJONG BUNGAH,1030001483
07,PULAU PINANG,04,TIMOR LAUT,41,BANDAR BATU FERINGGI,1030001484
07,PULAU PINANG,05,BARAT DAYA,02,MUKIM 2,1030001996
07,PULAU PINANG,05,BARAT DAYA,13,MUKIM A,1030001486
07,PULAU PINANG,05,BARAT DAYA,16,MUKIM D,1030001488
07,PULAU PINANG,05,BARAT DAYA,20,MUKIM H,1030001489
07,PULAU PINANG,05,BARAT DAYA,14,MUKIM B,1030000787
07,PULAU PINANG,05,BARAT DAYA,01,MUKIM 1,1030001995
07,PULAU PINANG,05,BARAT DAYA,15,MUKIM C,1030001487
07,PULAU PINANG,05,BARAT DAYA,11,MUKIM 11,1030001991
07,PULAU PINANG,05,BARAT DAYA,08,MUKIM 8,1030001993
07,PULAU PINANG,05,BARAT DAYA,09,MUKIM 9,1030001992
07,PULAU PINANG,05,BARAT DAYA,07,MUKIM 7,1030001994
07,PULAU PINANG,05,BARAT DAYA,21,MUKIM I,1030001490
07,PULAU PINANG,05,BARAT DAYA,12,MUKIM 12,1030001989
04,MELAKA,01,MELAKA TENGAH,74,PEKAN KLEBANG,1030001594
06,PAHANG,04,KUANTAN,41,BANDAR KUANTAN,1030001419
06,PAHANG,04,KUANTAN,01,BESERAH,1030001422
06,PAHANG,04,KUANTAN,70,PEKAN BESERAH,1030001421
06,PAHANG,04,KUANTAN,04,KUALA KUANTAN,1030001420
11,TERENGGANU,01,BESUT,09,KELUANG,1030001438
11,TERENGGANU,02,DUNGUN,06,KUALA DUNGUN,1030001781
01,JOHOR,05,MERSING,12,TENGGAROH,1030001478
06,PAHANG,06,PEKAN,07,PEKAN,1030001416
06,PAHANG,04,KUANTAN,05,PENOR,1030001481
02,KEDAH,04,LANGKAWI,40,BANDAR KUAH,1030001472
01,JOHOR,04,KOTA TINGGI,09,SEDILI KECHIL,1030001406
11,TERENGGANU,01,BESUT,11,KUALA BESUT,1030000740
13,SARAWAK,06,SIMUNJAN,1,SIMUNJAN,1030001533
13,SARAWAK,45,GEDONG,2,GEDONG,1030002022
13,SARAWAK,04,SAMARAHAN,3,SAMARAHAN,1030001527
13,SARAWAK,07,SRI AMAN,4,SRI AMAN,1030001571
13,SARAWAK,41,PANTU,5,PANTU,1030001524
13,SARAWAK,42,LINGGA,6,LINGGA,1030001510
13,SARAWAK,43,SIBURAN,7,SIBURAN,1030001522
13,SARAWAK,32,TEBEDU,8,TEBEDU,1030001538
13,SARAWAK,02,BAU,9,BAU,1030001497
13,SARAWAK,12,MERADONG,10,MERADONG,1030001577
13,SARAWAK,30,PAKAN,11,PAKAN,1030001523
13,SARAWAK,14,JULAU,12,JULAU,1030001504
13,SARAWAK,31,SELANGAU,13,SELANGAU,1030001542
13,SARAWAK,15,SIBU,14,SIBU,1030001541
13,SARAWAK,18,KANOWIT,15,KANOWIT,1030001506
13,SARAWAK,36,SEBAUH,16,SEBAUH,1030001529
13,SARAWAK,37,BUKIT MABONG,17,BUKIT MABONG,1030002016
13,SARAWAK,22,SONG,18,SONG,1030001534
13,SARAWAK,29,ASAJAYA,19,ASAJAYA,1030001496
13,SARAWAK,44,SEBUYAU,20,SEBUYAU,1030001578
13,SARAWAK,11,SARIKEI,21,SARIKEI,1030001574
13,SARAWAK,35,TANJUNG MANIS,22,TANJUNG MANIS,1030001498
13,SARAWAK,13,DARO,23,DARO,1030001575
13,SARAWAK,20,TATAU,24,TATAU,1030001537
13,SARAWAK,40,TELANG USAN,25,LONG BEDIAN,1030002007
13,SARAWAK,27,LAWAS,26,SUNDAR,1030001536
13,SARAWAK,27,LAWAS,27,TRUSAN,1030001539
13,SARAWAK,38,SUBIS,28,SUBIS,1030002015
13,SARAWAK,39,BELURU,29,TINJAR,1030002008
13,SARAWAK,39,BELURU,30,BELURU,1030002005
13,SARAWAK,25,MARUDI,31,MULU,1030001511
13,SARAWAK,25,MARUDI,32,MARUDI,1030001515
13,SARAWAK,40,TELANG USAN,33,TELANG USAN,1030002010
13,SARAWAK,40,TELANG USAN,34,LONG LAMA,1030002006
13,SARAWAK,23,BELAGA,35,BELAGA,1030002009
13,SARAWAK,23,BELAGA,36,SUNGAI ASAP,1030002011
13,SARAWAK,17,MUKAH,37,MUKAH,1030001544
13,SARAWAK,17,MUKAH,38,BALINGIAN,1030001545
13,SARAWAK,21,KAPIT,39,NANGA MERIT,1030001519
13,SARAWAK,21,KAPIT,40,KAPIT,1030001507
13,SARAWAK,16,DALAT,41,DALAT,1030001543
13,SARAWAK,16,DALAT,42,OYA,1030001521
13,SARAWAK,28,MATU,43,MATU,1030001516
13,SARAWAK,28,MATU,44,IGAN,1030001576
13,SARAWAK,34,KABONG,45,KABONG,1030001505
13,SARAWAK,34,KABONG,46,ROBAN,1030001526
13,SARAWAK,10,SARATOK,47,SARATOK,1030001528
13,SARAWAK,10,SARATOK,48,BUDU,1030001501
13,SARAWAK,09,BETONG,49,DEBAK,1030001502
13,SARAWAK,09,BETONG,50,SPAOH,1030001535
13,SARAWAK,09,BETONG,51,BETONG,1030001500
13,SARAWAK,08,LUBOK ANTU,52,ENGKILILI,1030001503
13,SARAWAK,08,LUBOK ANTU,53,LUBOK ANTU,1030001512
13,SARAWAK,33,PUSA,54,MALUDAM,1030001514
13,SARAWAK,33,PUSA,55,PUSA,1030001525
13,SARAWAK,05,SERIAN,56,SERIAN,1030001531
13,SARAWAK,03,LUNDU,57,SEMATAN,1030001530
13,SARAWAK,03,LUNDU,58,LUNDU,1030001513
13,SARAWAK,01,KUCHING,59,KUCHING,1030001546
13,SARAWAK,01,KUCHING,60,PADAWAN,1030002012
13,SARAWAK,24,MIRI,61,BARIO,1030002013
13,SARAWAK,24,MIRI,62,MIRI,1030001517
13,SARAWAK,26,LIMBANG,64,NANGA MEDAMIT,1030001518
13,SARAWAK,26,LIMBANG,65,LIMBANG,1030001509
13,SARAWAK,38,SUBIS,66,NIAH-SUAI,1030002014
06,PAHANG,09,ROMPIN,03,PONTIAN,1030001409
04,MELAKA,01,MELAKA TENGAH,27,TANJONG KLING,1030001365
04,MELAKA,01,MELAKA TENGAH,78,PEKAN TANJONG KLING,1030002024
08,PERAK,13,BAGAN DATUK,01,BAGAN DATUK,1030002025
08,PERAK,13,BAGAN DATUK,05,SUNGAI SUMUN,1030001337
08,PERAK,13,BAGAN DATUK,04,TELUK BARU,1030000530
08,PERAK,13,BAGAN DATUK,03,RUNGKUP,1030001339
08,PERAK,13,BAGAN DATUK,02,HUTAN MELINTANG,1030001669
08,PERAK,10,PERAK TENGAH,01,BANDAR,1030001379
08,PERAK,10,PERAK TENGAH,10,PASIR PANJANG HULU,1030000503
08,PERAK,10,PERAK TENGAH,04,JAYA BARU,1030000551
08,PERAK,10,PERAK TENGAH,11,PASIR SALAK,1030000557
08,PERAK,02,MANJUNG,02,LEKIR,1030001338
08,PERAK,10,PERAK TENGAH,06,KOTA SETIA,1030000553
08,PERAK,07,HILIR PERAK,07,SUNGAI DURIAN,1030000529
08,PERAK,10,PERAK TENGAH,12,PULAU TIGA,1030000558
08,PERAK,01,BATANG PADANG,07,SUNGKAI,1030000638
08,PERAK,12,MUALLIM,41,BANDAR PROTON,1030002026
08,PERAK,12,MUALLIM,42,BANDAR SLIM RIVER,1030002027
08,PERAK,12,MUALLIM,02,HULU BERNAM TIMOR,1030001672
08,PERAK,12,MUALLIM,03,SLIM,1030000637
08,PERAK,08,HULU PERAK,40,BANDAR GERIK,1030000542
08,PERAK,08,HULU PERAK,04,GERIK,1030001562
08,PERAK,08,HULU PERAK,09,TEMELONG,1030000541
08,PERAK,08,HULU PERAK,08,LENGGONG,1030000644
08,PERAK,08,HULU PERAK,06,PENGKALAN HULU,1030000666
08,PERAK,03,KINTA,02,HULU KINTA,1030000643
08,PERAK,03,KINTA,07,TRONOH,1030001915
08,PERAK,05,KUALA KANGSAR,01,CHEGAR GALAH,1030000511
08,PERAK,06,LARUT MATANG DAN SELAMA,40,BANDAR KAMUNTING,1030000519
08,PERAK,06,LARUT MATANG DAN SELAMA,05,KAMUNTING,1030000496
08,PERAK,06,LARUT MATANG DAN SELAMA,01,ASAM KUMBANG,1030000493
08,PERAK,06,LARUT MATANG DAN SELAMA,74,PEKAN TERUNG,1030000527
08,PERAK,02,MANJUNG,03,LUMUT,1030001464
08,PERAK,02,MANJUNG,76,PEKAN KAMPONG SITIAWAN,1030000583
08,PERAK,04,KERIAN,03,BERIAH,1030000671
09,PERLIS,01,PERLIS,21,TITI TINGGI,1030000824
14,WILAYAH PERSEKUTUAN KUALA LUMPUR,01,KUALA LUMPUR,02,BATU,1030001955
10,SELANGOR,09,GOMBAK,01,BATU,1030001745
10,SELANGOR,05,SABAK BERNAM,85,PEKAN AIR MANIS,1030001342
11,TERENGGANU,03,KEMAMAN,11,TEBAK,1030000736
11,TERENGGANU,03,KEMAMAN,71,PEKAN AIR PUTIH,1030002029
11,TERENGGANU,06,MARANG,04,RUSILA,1030002030
11,TERENGGANU,06,MARANG,70,PEKAN MARANG,1030001435
06,PAHANG,05,LIPIS,06,KECHAU,1030001557
06,PAHANG,05,LIPIS,04,GUA,1030001569
06,PAHANG,05,LIPIS,72,PEKAN PADANG TENGKU,1030000371
06,PAHANG,05,LIPIS,09,TANJUNG BESAR,1030000370
06,PAHANG,05,LIPIS,40,BANDAR KUALA LIPIS,1030001554
06,PAHANG,05,LIPIS,70,PEKAN BENTA,1030000391
06,PAHANG,14,KECIL JELAI,01,BATU YON,1030000403
06,PAHANG,05,LIPIS,02,BUDU,1030001949
06,PAHANG,05,LIPIS,08,PENJOM,1030001555
10,SELANGOR,01,KLANG,51,BANDAR KOTA KEMUNING,1030002031
10,SELANGOR,01,KLANG,02,KLANG,1030001630
10,SELANGOR,01,KLANG,53,BANDAR PUTERA,1030002032
10,SELANGOR,01,KLANG,72,PEKAN MERU,1030000421
10,SELANGOR,01,KLANG,47,BANDAR MERU,1030002033
10,SELANGOR,01,KLANG,46,BANDAR SUNGAI KAPAR INDAH,1030002034
10,SELANGOR,01,KLANG,45,BANDAR KLANG UTAMA,1030001813
10,SELANGOR,01,KLANG,01,KAPAR,1030002035
10,SELANGOR,01,KLANG,44,BANDAR BUKIT RAJA,1030002036
10,SELANGOR,10,SEPANG,81,PEKAN TANJUNG MAS 1,1030002037
10,SELANGOR,10,SEPANG,80,PEKAN TANJUNG MAS,1030001617
06,PAHANG,05,LIPIS,03,CHEKA,1030000369
06,PAHANG,07,RAUB,06,SEMANTAN ULU,1030000400
06,PAHANG,07,RAUB,02,DONG,1030000311
06,PAHANG,07,RAUB,73,PEKAN RAUB,1030002038
06,PAHANG,07,RAUB,03,GALI,1030000325
06,PAHANG,07,RAUB,76,PEKAN SUNGAI KELAU,1030002039
06,PAHANG,07,RAUB,75,PEKAN SUNGAI RUAN,1030002040
06,PAHANG,07,RAUB,74,PEKAN SANG LEE,1030002041
06,PAHANG,07,RAUB,78,PEKAN TRAS,1030001674
06,PAHANG,07,RAUB,07,TRAS,1030002042
06,PAHANG,07,RAUB,79,PEKAN BUKIT FRASER,1030002043
03,KELANTAN,11,JELI,03,JELI,1030002044
03,KELANTAN,11,JELI,40,BANDAR JELI,1030001283
03,KELANTAN,11,JELI,04,JELI TEPI SUNGAI,1030001089
03,KELANTAN,04,PASIR MAS,28,KUBANG GENDANG,1030001191
03,KELANTAN,04,PASIR MAS,47,TOK UBAN,1030001068
03,KELANTAN,06,TANAH MERAH,14,PASIR GANDA,1030001592
03,KELANTAN,04,PASIR MAS,29,KUBANG KETAM,1030001192
03,KELANTAN,04,PASIR MAS,14,GUAL PERIOK,1030001273
03,KELANTAN,04,PASIR MAS,13,GUAL NERING,1030001182
03,KELANTAN,03,MACHANG,11,LABOK,1030001250
03,KELANTAN,03,MACHANG,03,DEWAN,1030001052
03,KELANTAN,03,MACHANG,20,TENGAH,1030001286
03,KELANTAN,03,MACHANG,02,BAKAR,1030001163
03,KELANTAN,03,MACHANG,18,RAJA,1030001055
03,KELANTAN,03,MACHANG,22,ULU SAT,1030001265
03,KELANTAN,11,JELI,06,KUALA BALAH,1030001246
03,KELANTAN,10,KUALA KRAI,01,BATU MENGKEBANG,1030001248
03,KELANTAN,10,KUALA KRAI,10,KUALA PAHI,1030001263
03,KELANTAN,10,KUALA KRAI,12,KUALA STONG,1030000652
03,KELANTAN,10,KUALA KRAI,07,KUALA GERIS,1030001240
03,KELANTAN,08,GUA MUSANG,08,RELAI,1030000658
03,KELANTAN,08,GUA MUSANG,05,KUALA SUNGAI,1030000649
11,TERENGGANU,01,BESUT,07,JABI,1030001929
11,TERENGGANU,01,BESUT,20,TEMBILA,1030001439
11,TERENGGANU,01,BESUT,05,HULU BESUT,1030000738
11,TERENGGANU,07,SETIU,04,HULU SETIU,1030000693
11,TERENGGANU,07,SETIU,01,CALUK,1030000725
11,TERENGGANU,07,SETIU,06,PANTAI,1030001945
11,TERENGGANU,07,SETIU,02,GUNTUNG,1030000726
11,TERENGGANU,07,SETIU,07,TASIK,1030001216
11,TERENGGANU,07,SETIU,05,MERANG,1030000728
11,TERENGGANU,07,SETIU,03,HULU NERUS,1030000727
06,PAHANG,05,LIPIS,10,TELANG,1030001568
03,KELANTAN,01,BACHOK,29,TELONG,1030001442
06,PAHANG,14,KECIL JELAI,02,ULU JELAI,1030000654
06,PAHANG,14,KECIL JELAI,03,TELANG,1030002047
06,PAHANG,01,BENTONG,01,BENTONG,1030001675
06,PAHANG,12,KECIL GENTING,40,BANDAR GENTING,1030002045
06,PAHANG,04,KUANTAN,06,SUNGAI KARANG,1030001820
06,PAHANG,13,KECIL GEBENG,40,BANDAR GEBENG,1030002046
09,PERLIS,01,PERLIS,09,KUALA PERLIS,1030001297
10,SELANGOR,05,SABAK BERNAM,02,PANCHANG BEDENA,1030002028
06,PAHANG,05,LIPIS,07,KUALA LIPIS,1030001883
12,SABAH,01,KOTA KINABALU,00,TIADA,1030001978
12,SABAH,02,PAPAR,00,TIADA,1030001999
12,SABAH,04,TUARAN,00,TIADA,1030001957
12,SABAH,05,KUDAT,00,TIADA,1030001963
12,SABAH,06,RANAU,00,TIADA,1030001968
12,SABAH,07,SANDAKAN,00,TIADA,1030001977
12,SABAH,08,BELURAN,00,TIADA,1030002021
12,SABAH,09,KINABATANGAN,00,TIADA,1030001971
12,SABAH,10,TAWAU,00,TIADA,1030001970
12,SABAH,12,SEMPORNA,00,TIADA,1030001969
12,SABAH,13,KENINGAU,00,TIADA,1030001959
12,SABAH,14,TAMBUNAN,00,TIADA,1030001976
12,SABAH,15,NABAWAN,00,TIADA,1030001960
12,SABAH,16,TENOM,00,TIADA,1030001962
12,SABAH,17,BEAUFORT,00,TIADA,1030001974
12,SABAH,18,KUALA PENYU,00,TIADA,1030001973
12,SABAH,21,PENAMPANG,00,TIADA,1030001785
12,SABAH,22,KOTA MARUDU,00,TIADA,1030001964
12,SABAH,24,KUNAK,00,TIADA,1030001965
12,SABAH,25,TONGOD,00,TIADA,1030001972
12,SABAH,26,PUTATAN,00,TIADA,1030001958
12,SABAH,27,TELUPID,00,TIADA,1030001966
12,SABAH,28,KALABAKAN,00,TIADA,1030002020
12,SABAH,29,MEMBAKUT,00,TIADA,1030002048
12,SABAH,03,KOTA BELUD,00,TIADA,1030001975
13,SARAWAK,27,LAWAS,63,LAWAS,1030001508
12,SABAH,19,SIPITANG,00,TIADA,1030001961
12,SABAH,11,LAHAD DATU,00,TIADA,1030001979
02,KEDAH,09,KULIM,13,SUNGAI SELUANG,1030000928
02,KEDAH,05,KUALA MUDA,46,BANDAR SUNGAI PETANI,1030000849
02,KEDAH,08,BALING,74,PEKAN PULAI,1030000852
02,KEDAH,08,BALING,05,PULAI,1030001933
02,KEDAH,08,BALING,40,BANDAR BALING,1030000919
02,KEDAH,08,BALING,02,BALING,1030001017
02,KEDAH,02,KUBANG PASU,76,PEKAN KUALA SANGLANG,1030001300
09,PERLIS,01,PERLIS,17,SANGLANG,1030001946
02,KEDAH,02,KUBANG PASU,17,SANGLANG,1030001301
02,KEDAH,05,KUALA MUDA,07,MERBOK,1030001314
07,PULAU PINANG,01,SEBERANG PERAI TENGAH,03,MUKIM 3,1030001891
07,PULAU PINANG,01,SEBERANG PERAI TENGAH,21,MUKIM 21,1030000754
07,PULAU PINANG,02,SEBERANG PERAI UTARA,02,MUKIM 2,1030000804
07,PULAU PINANG,02,SEBERANG PERAI UTARA,01,MUKIM 1,1030001988
07,PULAU PINANG,02,SEBERANG PERAI UTARA,05,MUKIM 5,1030000767
07,PULAU PINANG,02,SEBERANG PERAI UTARA,41,BANDAR KEPALA BATAS,1030000946
07,PULAU PINANG,02,SEBERANG PERAI UTARA,08,MUKIM 8,1030000755
07,PULAU PINANG,02,SEBERANG PERAI UTARA,07,MUKIM 7,1030001986
07,PULAU PINANG,02,SEBERANG PERAI UTARA,09,MUKIM 9,1030001985
07,PULAU PINANG,02,SEBERANG PERAI UTARA,10,MUKIM 10,1030001906
07,PULAU PINANG,02,SEBERANG PERAI UTARA,16,MUKIM 16,1030001907
07,PULAU PINANG,02,SEBERANG PERAI UTARA,14,MUKIM 14,1030001997
07,PULAU PINANG,02,SEBERANG PERAI UTARA,40,BANDAR BUTTERWORTH,1030001325
07,PULAU PINANG,01,SEBERANG PERAI TENGAH,41,BANDAR PRAI,1030001323
07,PULAU PINANG,01,SEBERANG PERAI TENGAH,01,MUKIM 1,1030001317
07,PULAU PINANG,01,SEBERANG PERAI TENGAH,02,MUKIM 2,1030001998
07,PULAU PINANG,01,SEBERANG PERAI TENGAH,05,MUKIM 5,1030001893
07,PULAU PINANG,01,SEBERANG PERAI TENGAH,04,MUKIM 4,1030001892
02,KEDAH,05,KUALA MUDA,12,SIDAM KIRI,1030000989
07,PULAU PINANG,02,SEBERANG PERAI UTARA,03,MUKIM 3,1030001939
07,PULAU PINANG,02,SEBERANG PERAI UTARA,06,MUKIM 6,1030001905
07,PULAU PINANG,02,SEBERANG PERAI UTARA,12,MUKIM 12,1030000809
07,PULAU PINANG,02,SEBERANG PERAI UTARA,13,MUKIM 13,1030000802
07,PULAU PINANG,02,SEBERANG PERAI UTARA,11,MUKIM 11,1030000770
07,PULAU PINANG,03,SEBERANG PERAI SELATAN,02,MUKIM 2,1030001908
07,PULAU PINANG,03,SEBERANG PERAI SELATAN,03,MUKIM 3,1030000784
07,PULAU PINANG,03,SEBERANG PERAI SELATAN,07,MUKIM 7,1030001935
07,PULAU PINANG,03,SEBERANG PERAI SELATAN,08,MUKIM 8,1030001934
07,PULAU PINANG,01,SEBERANG PERAI TENGAH,20,MUKIM 20,1030000764
07,PULAU PINANG,01,SEBERANG PERAI TENGAH,19,MUKIM 19,1030000807
12,SABAH,23,PITAS,00,TIADA,1030001967
13,SARAWAK,19,BINTULU,67,BINTULU,1030001540
